Player,Season,Age,Team,RushAtt,RushYds,RushTD,Pos,ID
Derrick Henry,2022,28,TEN,349,1538,13,RB,HenrDe00
Saquon Barkley,2024,27,PHI,345,2005,13,RB,BarkSa00
Josh Jacobs,2022,24,LVR,340,1653,12,RB,JacoJo01
Derrick Henry,2024,30,BAL,325,1921,16,RB,HenrDe00
Kyren Williams,2024,24,LAR,316,1299,14,RB,WillKy02
Bijan Robinson,2024,22,ATL,304,1456,14,RB,RobiBi01
Jonathan Taylor,2024,25,IND,303,1431,11,RB,TaylJo02
Nick Chubb,2022,27,CLE,302,1525,12,RB,ChubNi00
Josh Jacobs,2024,26,GNB,301,1329,15,RB,JacoJo01
Saquon Barkley,2022,25,NYG,295,1312,10,RB,BarkSa00
Derrick Henry,2023,29,TEN,280,1167,12,RB,HenrDe00
Najee Harris,2022,24,PIT,272,1034,7,RB,HarrNa00
Christian McCaffrey,2023,27,SFO,272,1459,14,RB,McCaCh01
Rachaad White,2023,24,TAM,272,990,6,RB,WhitRa01
Travis Etienne,2023,24,JAX,267,1008,11,RB,EtieTr00
Dalvin Cook,2022,27,MIN,264,1173,8,RB,CookDa01
Najee Harris,2024,26,PIT,263,1043,6,RB,HarrNa00
Jamaal Williams,2022,27,DET,262,1066,17,RB,WillJa06
Tony Pollard,2024,27,TEN,260,1079,5,RB,PollTo00
Miles Sanders,2022,25,PHI,259,1269,11,RB,SandMi01
Joe Mixon,2023,27,CIN,257,1034,9,RB,MixoJo00
Najee Harris,2023,25,PIT,255,1035,8,RB,HarrNa00
Aaron Jones,2024,30,MIN,255,1138,5,RB,JoneAa00
D'Andre Swift,2024,25,CHI,253,959,6,RB,SwifDA00
Tony Pollard,2023,26,DAL,252,1005,6,RB,PollTo00
Jahmyr Gibbs,2024,22,DET,250,1412,16,RB,GibbJa01
Chuba Hubbard,2024,25,CAR,250,1195,10,RB,HubbCh01
Saquon Barkley,2023,26,NYG,247,962,6,RB,BarkSa00
Joe Mixon,2024,28,HOU,245,1016,11,RB,MixoJo00
Christian McCaffrey,2022,26,CARSFO,244,1139,8,RB,McCaCh01
Chuba Hubbard,2023,24,CAR,238,902,5,RB,HubbCh01
James Cook,2023,24,BUF,237,1122,2,RB,CookJa01
James Conner,2024,29,ARI,236,1094,8,RB,ConnJa00
Rico Dowdle,2024,26,DAL,235,1079,2,RB,DowdRi01
Josh Jacobs,2023,25,LVR,233,805,6,RB,JacoJo01
Ezekiel Elliott,2022,27,DAL,231,876,12,RB,ElliEz00
Chase Brown,2024,24,CIN,229,990,7,RB,BrowCh10
D'Andre Swift,2023,24,PHI,229,1049,5,RB,SwifDA00
Alvin Kamara,2024,29,NOR,228,950,6,RB,KamaAl00
Kenneth Walker III,2022,22,SEA,228,1050,9,RB,WalkKe00
Kyren Williams,2023,23,LAR,228,1144,12,RB,WillKy02
Breece Hall,2023,22,NYJ,223,994,5,RB,HallBr03
Alvin Kamara,2022,27,NOR,223,897,2,RB,KamaAl00
Travis Etienne,2022,23,JAX,220,1125,5,RB,EtieTr00
Dameon Pierce,2022,22,HOU,220,939,4,RB,PierDa01
David Montgomery,2023,26,DET,219,1015,13,RB,MontDa01
Kenneth Walker III,2023,23,SEA,219,905,8,RB,WalkKe00
Javonte Williams,2023,23,DEN,217,774,3,RB,WillJa10
Devin Singletary,2023,26,HOU,216,898,4,RB,SingDe00
Bijan Robinson,2023,21,ATL,214,976,4,RB,RobiBi01
Aaron Jones,2022,28,GNB,213,1121,2,RB,JoneAa00
Tyler Allgeier,2022,22,ATL,210,1035,3,RB,AllgTy00
Joe Mixon,2022,26,CIN,210,814,7,RB,MixoJo00
Rhamondre Stevenson,2022,24,NWE,210,1040,5,RB,StevRh00
Breece Hall,2024,23,NYJ,209,876,5,RB,HallBr03
Raheem Mostert,2023,31,MIA,209,1012,18,RB,MostRa00
James Conner,2023,28,ARI,208,1040,7,RB,ConnJa00
James Cook,2024,25,BUF,207,1009,16,RB,CookJa01
Bucky Irving,2024,22,TAM,207,1122,8,RB,IrviBu00
Rhamondre Stevenson,2024,26,NWE,207,801,7,RB,StevRh00
Isiah Pacheco,2023,24,KAN,205,935,7,RB,PachIs00
Brian Robinson Jr.,2022,23,WAS,205,797,2,RB,RobiBr01
Austin Ekeler,2022,27,LAC,204,915,13,RB,EkelAu00
Jerome Ford,2023,24,CLE,204,813,4,RB,FordJe00
De'Von Achane,2024,23,MIA,203,907,6,RB,AchaDe00
D'Onta Foreman,2022,26,CAR,203,914,5,RB,ForeDO00
David Montgomery,2022,25,CHI,201,801,5,RB,MontDa01
Kareem Hunt,2024,29,KAN,200,728,7,RB,HuntKa00
Gus Edwards,2023,28,BAL,198,810,13,RB,EdwaGu00
J.K. Dobbins,2024,26,LAC,195,905,9,RB,DobbJK00
Tony Pollard,2022,25,DAL,193,1007,9,RB,PollTo00
Jonathan Taylor,2022,23,IND,192,861,4,RB,TaylJo02
Tyrone Tracy Jr.,2024,25,NYG,192,839,5,RB,TracTy00
Leonard Fournette,2022,27,TAM,189,668,3,RB,FourLe00
Cam Akers,2022,23,LAR,188,786,7,RB,AkerCa00
Brian Robinson Jr.,2024,25,WAS,187,799,8,RB,RobiBr01
Tyler Allgeier,2023,23,ATL,186,683,4,RB,AllgTy00
AJ Dillon,2022,24,GNB,186,770,7,RB,DillAJ00
David Montgomery,2024,27,DET,185,775,12,RB,MontDa01
Ezekiel Elliott,2023,28,NWE,184,642,3,RB,ElliEz00
James Conner,2022,27,ARI,183,782,7,RB,ConnJa00
Zack Moss,2023,26,IND,183,794,5,RB,MossZa00
Jahmyr Gibbs,2023,21,DET,182,945,10,RB,GibbJa01
Raheem Mostert,2022,30,MIA,181,891,3,RB,MostRa00
Alvin Kamara,2023,28,NOR,180,694,5,RB,KamaAl00
Alexander Mattison,2023,25,MIN,180,700,0,RB,MattAl01
Austin Ekeler,2023,28,LAC,179,628,5,RB,EkelAu00
AJ Dillon,2023,25,GNB,178,613,2,RB,DillAJ00
Brian Robinson Jr.,2023,24,WAS,178,733,5,RB,RobiBr01
Devin Singletary,2022,25,BUF,177,819,5,RB,SingDe00
Jeff Wilson,2022,27,MIASFO,176,860,5,RB,WilsJe01
Latavius Murray,2022,32,DENNOR,171,760,6,RB,MurrLa00
Isiah Pacheco,2022,23,KAN,170,830,5,RB,PachIs00
Jonathan Taylor,2023,24,IND,169,741,7,RB,TaylJo02
Tank Bigsby,2024,23,JAX,168,766,7,RB,BigsTa00
Jalen Hurts,2022,24,PHI,165,760,13,QB,HurtJa00
Justin Fields,2022,23,CHI,160,1143,8,QB,FielJu00
Jalen Hurts,2023,25,PHI,157,605,15,QB,HurtJa00
Rhamondre Stevenson,2023,25,NWE,156,619,4,RB,StevRh00
Jordan Mason,2024,25,SFO,153,789,3,RB,MasoJo00
Kenneth Walker III,2024,24,SEA,153,573,7,RB,WalkKe00
Travis Etienne,2024,25,JAX,150,558,2,RB,EtieTr00
Jalen Hurts,2024,26,PHI,150,630,14,QB,HurtJa00
Antonio Gibson,2022,24,WAS,149,546,3,RB,GibsAn00
Jaylen Warren,2023,25,PIT,149,784,4,RB,WarrJa01
Jayden Daniels,2024,24,WAS,148,891,6,QB,DaniJa02
Lamar Jackson,2023,26,BAL,148,821,5,QB,JackLa00
Dameon Pierce,2023,23,HOU,145,416,2,RB,PierDa01
Cordarrelle Patterson,2022,31,ATL,144,695,8,RB,PattCo00
Rachaad White,2024,25,TAM,144,613,3,RB,WhitRa01
Aaron Jones,2023,29,GNB,142,656,2,RB,JoneAa00
Lamar Jackson,2024,27,BAL,139,915,4,QB,JackLa00
Javonte Williams,2024,24,DEN,139,513,4,RB,WillJa10
Tyler Allgeier,2024,24,ATL,137,644,3,RB,AllgTy00
Zach Charbonnet,2024,23,SEA,135,569,8,RB,CharZa00
Kareem Hunt,2023,28,CLE,135,411,9,RB,HuntKa00
Khalil Herbert,2023,25,CHI,132,611,2,RB,HerbKh00
Alexander Mattison,2024,26,LVR,132,420,4,RB,MattAl01
Khalil Herbert,2022,24,CHI,129,731,4,RB,HerbKh00
Miles Sanders,2023,26,CAR,129,432,1,RB,SandMi01
Rachaad White,2022,23,TAM,129,481,1,RB,WhitRa01
Josh Allen,2022,26,BUF,124,762,7,QB,AlleJo02
Justin Fields,2023,24,CHI,124,657,4,QB,FielJu00
Kareem Hunt,2022,27,CLE,123,468,3,RB,HuntKa00
Antonio Gibson,2024,26,NWE,120,538,1,RB,GibsAn00
Daniel Jones,2022,25,NYG,120,708,7,QB,JoneDa05
Jaylen Warren,2024,26,PIT,120,511,1,RB,WarrJa01
Michael Carter,2022,23,NYJ,114,402,3,RB,CartMi03
Ray Davis,2024,25,BUF,113,442,3,RB,DaviRa04
Jaleel McLaughlin,2024,24,DEN,113,496,1,RB,McLaJa00
Devin Singletary,2024,27,NYG,113,437,4,RB,SingDe00
Lamar Jackson,2022,25,BAL,112,764,3,QB,JackLa00
Josh Allen,2023,27,BUF,111,524,15,QB,AlleJo02
James Robinson,2022,24,JAXNYJ,110,425,3,RB,RobiJa00
Kenyan Drake,2022,28,BAL,109,482,4,RB,DrakKe00
D'Onta Foreman,2023,27,CHI,109,425,4,RB,ForeDO00
Zach Charbonnet,2023,22,SEA,108,462,1,RB,CharZa00
Joshua Kelley,2023,26,LAC,107,405,2,RB,KellJo01
Damien Harris,2022,25,NWE,106,462,3,RB,HarrDa06
Jamaal Williams,2023,28,NOR,106,306,1,RB,WillJa06
Cam Akers,2024,25,HOUMIN,104,444,2,RB,AkerCa00
Jerome Ford,2024,25,CLE,104,565,3,RB,FordJe00
Zamir White,2023,24,LVR,104,451,1,RB,WhitZa01
De'Von Achane,2023,22,MIA,103,800,8,RB,AchaDe00
Emanuel Wilson,2024,25,GNB,103,502,4,RB,WilsEm00
Josh Allen,2024,28,BUF,102,531,12,QB,AlleJo02
Ty Chandler,2023,25,MIN,102,461,3,RB,ChanTy01
Nick Chubb,2024,29,CLE,102,332,3,RB,ChubNi00
Gus Edwards,2024,29,LAC,101,365,4,RB,EdwaGu00
Tyjae Spears,2023,22,TEN,100,453,2,RB,SpeaTy00
D'Andre Swift,2022,23,DET,99,542,5,RB,SwifDA00
Taysom Hill,2022,32,NOR,96,575,7,TE/QB,HillTa00
Chuba Hubbard,2022,23,CAR,95,466,2,RB,HubbCh01
Samaje Perine,2022,27,CIN,95,394,2,RB,PeriSa00
Zack Moss,2022,25,BUFIND,93,456,1,RB,MossZa00
Braelon Allen,2024,20,NYJ,92,334,2,RB,AlleBr05
J.K. Dobbins,2022,24,BAL,92,520,2,RB,DobbJK00
Bo Nix,2024,24,DEN,92,430,4,QB,NixxBo00
Melvin Gordon,2022,29,DEN,90,318,2,RB,GordMe00
James Cook,2022,23,BUF,89,507,2,RB,CookJa01
Rico Dowdle,2023,25,DAL,89,361,2,RB,DowdRi01
Gus Edwards,2022,27,BAL,87,433,3,RB,EdwaGu00
Anthony Richardson,2024,22,IND,86,499,6,QB,RichAn03
Zonovan Knight,2022,21,NYJ,85,300,1,RB,KnigZo00
Marcus Mariota,2022,29,ATL,85,438,4,QB,MariMa01
Raheem Mostert,2024,32,MIA,85,278,2,RB,MostRa00
Kenneth Gainwell,2023,24,PHI,84,364,2,RB,GainKe00
Isaac Guerendo,2024,24,SFO,84,420,4,RB,GuerIs00
Justice Hill,2023,26,BAL,84,387,3,RB,HillJu00
Tyjae Spears,2024,23,TEN,84,312,4,RB,SpeaTy00
Isiah Pacheco,2024,25,KAN,83,310,1,RB,PachIs00
Taysom Hill,2023,33,NOR,81,401,4,TE/QB,HillTa00
Roschon Johnson,2023,22,CHI,81,352,2,RB,JohnRo07
Caleb Williams,2024,23,CHI,81,489,0,QB,WillCa03
Breece Hall,2022,21,NYJ,80,463,4,RB,HallBr03
Russell Wilson,2023,35,DEN,80,341,3,QB,WilsRu00
Latavius Murray,2023,33,BUF,79,300,4,RB,MurrLa00
Kyler Murray,2024,27,ARI,78,572,5,QB,MurrKy00
Eno Benjamin,2022,23,ARIHOUNOR,77,313,2,RB,BenjEn00
Joshua Dobbs,2023,28,ARIMIN,77,421,6,QB,DobbJo00
Austin Ekeler,2024,29,WAS,77,367,4,RB,EkelAu00
Royce Freeman,2023,27,LAR,77,319,2,RB,FreeRo00
Jaylen Warren,2022,24,PIT,77,379,1,RB,WarrJa01
Audric Estime,2024,21,DEN,76,310,2,RB,EstiAu00
Caleb Huntley,2022,24,ATL,76,366,1,RB,HuntCa02
Jaleel McLaughlin,2023,23,DEN,76,410,1,RB,McLaJa00
Joe Burrow,2022,26,CIN,75,257,5,QB,BurrJo01
Kenneth Gainwell,2024,25,PHI,75,290,1,RB,GainKe00
Patrick Mahomes,2023,28,KAN,75,389,0,QB,MahoPa00
Elijah Mitchell,2023,25,SFO,75,281,2,RB,MitcEl00
Ezekiel Elliott,2024,29,DAL,74,226,3,RB,ElliEz00
Alexander Mattison,2022,24,MIN,74,283,5,RB,MattAl01
Zack Moss,2024,27,CIN,74,242,2,RB,MossZa00
Jerick McKinnon,2022,30,KAN,72,291,1,RB,McKiJe00
Clyde Edwards-Helaire,2022,23,KAN,71,302,3,RB,EdwaCl00
D'Onta Foreman,2024,28,CLE,71,232,0,RB,ForeDO00
Clyde Edwards-Helaire,2023,24,KAN,70,223,1,RB,EdwaCl00
Darrell Henderson,2022,25,LAR,70,283,3,RB,HendDa00
Trevor Lawrence,2023,24,JAX,70,339,4,QB,LawrTr00
Justin Herbert,2024,26,LAC,69,306,2,QB,HerbJu00
Joshua Kelley,2022,25,LAC,69,287,2,RB,KellJo01
Chase Edmonds,2022,26,DENMIA,68,245,2,RB,EdmoCh00
Deon Jackson,2022,23,IND,68,236,1,RB,JackDe02
Geno Smith,2022,32,SEA,68,366,1,QB,SmitGe00
Jaylen Wright,2024,21,MIA,68,249,0,RB,WrigJa04
Dalvin Cook,2023,28,NYJBAL,67,214,0,RB,CookDa01
Sam Darnold,2024,27,MIN,67,212,1,QB,DarnSa00
Daniel Jones,2024,27,NYG,67,265,2,QB,JoneDa05
Kyler Murray,2022,25,ARI,67,418,3,QB,MurrKy00
Ameer Abdullah,2024,31,LVR,66,311,2,RB,AbduAm00
Brock Purdy,2024,25,SFO,66,323,5,QB,PurdBr00
Antonio Gibson,2023,25,WAS,65,265,1,RB,GibsAn00
Zamir White,2024,25,LVR,65,183,1,RB,WhitZa01
Trey Benson,2024,21,ARI,63,291,1,RB,BensTr01
Pierre Strong,2023,25,CLE,63,291,1,RB,StroPi00
Justin Fields,2024,25,PIT,62,289,5,QB,FielJu00
Mark Ingram,2022,33,NOR,62,233,1,RB,IngrMa01
Trevor Lawrence,2022,23,JAX,62,291,5,QB,LawrTr00
Baker Mayfield,2023,28,TAM,62,163,1,QB,MayfBa00
Patrick Mahomes,2022,27,KAN,61,358,4,QB,MahoPa00
Cam Akers,2023,24,MINLAR,60,167,2,RB,AkerCa00
Baker Mayfield,2024,29,TAM,60,378,3,QB,MayfBa00
Blake Corum,2024,24,LAR,58,207,0,RB,CoruBl00
Emari Demercado,2023,24,ARI,58,284,2,RB,DemeEm00
Patrick Mahomes,2024,29,KAN,58,307,2,QB,MahoPa00
Rashaad Penny,2022,26,SEA,57,346,2,RB,PennRa00
Ty Chandler,2024,26,MIN,56,182,0,RB,ChanTy01
Trey Sermon,2024,25,IND,56,159,2,RB,SermTr00
Carson Steele,2024,22,KAN,56,183,0,RB,SteeCa00
Matt Breida,2023,28,NYG,55,151,1,RB,BreiMa00
Roschon Johnson,2024,23,CHI,55,150,6,RB,JohnRo07
Jeremy McNichols,2024,29,WAS,55,261,4,RB,McNiJe00
Kenny Pickett,2022,24,PIT,55,237,3,QB,PickKe00
Dak Prescott,2023,30,DAL,55,242,2,QB,PresDa01
Miles Sanders,2024,27,CAR,55,205,2,RB,SandMi01
Russell Wilson,2022,34,DEN,55,277,3,QB,WilsRu00
Matt Breida,2022,27,NYG,54,220,1,RB,BreiMa00
Justin Herbert,2022,24,LAC,54,147,0,QB,HerbJu00
Drake Maye,2024,22,NWE,54,421,2,QB,MayeDr00
Boston Scott,2022,27,PHI,54,217,3,RB,ScotBo02
Kenneth Gainwell,2022,23,PHI,53,240,4,RB,GainKe00
Samaje Perine,2023,28,DEN,53,238,1,RB,PeriSa00
Desmond Ridder,2023,24,ATL,53,193,5,QB,RiddDe00
Geno Smith,2024,34,SEA,53,272,2,QB,SmitGe00
Justin Herbert,2023,25,LAC,52,228,3,QB,HerbJu00
C.J. Stroud,2024,23,HOU,52,233,0,QB,StroCJ00
Chris Rodriguez,2023,23,WAS,51,247,2,RB,RodrCh00
Tank Bigsby,2023,22,JAX,50,132,2,RB,BigsTa00
Jordan Love,2023,25,GNB,50,247,4,QB,LoveJo03
Christian McCaffrey,2024,28,SFO,50,202,0,RB,McCaCh01
Cordarrelle Patterson,2023,32,ATL,50,181,0,RB,PattCo00
Sean Tucker,2024,23,TAM,50,308,2,RB,TuckSe00
Jacoby Brissett,2022,30,CLE,49,243,2,QB,BrisJa00
Chase Edmonds,2023,27,TAM,49,176,0,RB,EdmoCh00
Justice Hill,2022,25,BAL,49,262,0,RB,HillJu00
Sam Howell,2023,23,WAS,48,263,5,QB,HoweSa00
Jamaal Williams,2024,29,NOR,48,164,1,RB,WillJa06
Justice Hill,2024,27,BAL,47,228,1,RB,HillJu00
Mac Jones,2022,24,NWE,47,102,1,QB,JoneMa05
Keaton Mitchell,2023,21,BAL,47,396,2,RB,MitcKe01
Javonte Williams,2022,22,DEN,47,204,0,RB,WillJa10
Jamycal Hasty,2022,26,JAX,46,194,2,RB,HastJa02
Darrell Henderson,2023,26,LAR,46,112,2,RB,HendDa00
Will Levis,2024,25,TEN,45,183,0,QB,LeviWi00
Elijah Mitchell,2022,24,SFO,45,279,2,RB,MitcEl00
Dak Prescott,2022,29,DAL,45,182,1,QB,PresDa01
Chase Brown,2023,23,CIN,44,179,0,RB,BrowCh10
Kyler Murray,2023,26,ARI,44,244,3,QB,MurrKy00
Tyler Huntley,2022,24,BAL,43,137,1,QB,HuntTy01
Jordan Mason,2022,23,SFO,43,258,1,RB,MasoJo00
Kimani Vidal,2024,23,LAC,43,155,0,RB,VidaKi00
Russell Wilson,2024,36,PIT,43,155,2,QB,WilsRu00
Bryce Young,2024,23,CAR,43,249,6,QB,YounBr01
Joe Burrow,2024,28,CIN,42,201,2,QB,BurrJo01
Justin Jackson,2022,26,DET,42,170,1,RB,JackJu01
Dare Ogunbowale,2022,28,HOU,42,123,1,RB,OgunDa00
Kenny Pickett,2023,25,PIT,42,54,1,QB,PickKe00
Deebo Samuel,2022,26,SFO,42,232,3,WR,SamuDe00
Deebo Samuel,2024,28,SFO,42,136,1,WR,SamuDe00
Royce Freeman,2022,26,HOU,41,117,0,RB,FreeRo00
D'Ernest Johnson,2023,27,JAX,41,108,0,RB,JohnDE04
Ty Johnson,2024,27,BUF,41,213,1,RB,JohnTy02
Kendre Miller,2023,21,NOR,41,156,1,RB,MillKe01
Craig Reynolds,2023,27,DET,41,179,1,RB,ReynCr00
Jeff Wilson,2023,28,MIA,41,188,0,RB,WilsJe01
Daniel Jones,2023,26,NYG,40,206,1,QB,JoneDa05
Jordan Mason,2023,24,SFO,40,206,3,RB,MasoJo00
Dameon Pierce,2024,24,HOU,40,293,2,RB,PierDa01
Taysom Hill,2024,34,NOR,39,278,6,TE,HillTa00
Sincere McCormick,2024,24,LVR,39,183,0,RB,McCoSi00
Kendre Miller,2024,22,NOR,39,148,1,RB,MillKe01
Brock Purdy,2023,24,SFO,39,144,2,QB,PurdBr00
C.J. Stroud,2023,22,HOU,39,167,3,QB,StroCJ00
Patrick Taylor,2024,26,SFO,39,183,1,RB,TaylPa01
Bryce Young,2023,22,CAR,39,253,0,QB,YounBr01
Malik Davis,2022,24,DAL,38,161,1,RB,DaviMa02
Curtis Samuel,2022,26,WAS,38,187,1,WR,SamuCu00
Tyrod Taylor,2023,34,NYG,38,197,0,QB,TaylTy00
Deebo Samuel,2023,27,SFO,37,225,5,WR,SamuDe00
Geno Smith,2023,33,SEA,37,155,1,QB,SmitGe00
Isaiah Spiller,2023,22,LAC,37,96,0,RB,SpilIs00
Jonathan Williams,2022,28,WAS,37,152,0,RB,WillJo07
Chris Brooks,2024,24,GNB,36,183,1,RB,BrooCh00
Tommy DeVito,2023,25,NYG,36,195,1,QB,DeViTo00
Khalil Herbert,2024,26,CHICIN,36,130,1,RB,HerbKh00
Sony Michel,2022,27,LAC,36,106,0,RB,MichSo00
Deshaun Watson,2022,27,CLE,36,175,1,QB,WatsDe00
Zach Wilson,2023,24,NYJ,36,211,0,QB,WilsZa00
Michael Carter,2024,25,ARI,35,131,1,RB,CartMi03
DeeJay Dallas,2022,24,SEA,35,186,0,RB,DallDe00
Jared Goff,2024,30,DET,35,56,0,QB,GoffJa00
Keaontay Ingram,2023,24,ARI,35,74,0,RB,IngrKe01
Chris Rodriguez,2024,24,WAS,35,173,2,RB,RodrCh00
Trey Sermon,2023,24,IND,35,160,0,RB,SermTr00
Tua Tagovailoa,2023,25,MIA,35,74,0,QB,TagoTu00
Kyren Williams,2022,22,LAR,35,139,0,RB,WillKy02
Tyrion Davis-Price,2022,22,SFO,34,99,0,RB,DaviTy03
Hassan Haskins,2024,25,LAC,34,89,2,RB,HaskHa00
Gardner Minshew II,2023,27,IND,34,100,3,QB,MinsGa00
Aaron Rodgers,2022,39,GNB,34,94,1,QB,RodgAa00
Ryan Tannehill,2022,34,TEN,34,98,2,QB,TannRy00
Derek Carr,2023,32,NOR,32,40,0,QB,CarrDe02
Darrynton Evans,2023,25,CHIMIA,32,121,1,RB,EvanDa02
Jared Goff,2023,29,DET,32,21,2,QB,GoffJa00
Tyler Goodson,2024,24,IND,32,153,1,RB,GoodTy00
D'Ernest Johnson,2024,28,JAX,32,143,0,RB,JohnDE04
Davis Mills,2022,24,HOU,32,108,2,QB,MillDa02
Cordarrelle Patterson,2024,33,PIT,32,135,0,RB,PattCo00
Ronnie Rivers,2023,24,LAR,32,129,0,RB,RiveRo01
Patrick Taylor,2023,25,GNB,32,141,0,RB,TaylPa01
Gary Brightwell,2022,23,NYG,31,141,1,RB,BrigGa00
Joe Burrow,2023,27,CIN,31,88,0,QB,BurrJo01
Kirk Cousins,2022,34,MIN,31,97,2,QB,CousKi00
Baker Mayfield,2022,27,CARLAR,31,89,1,QB,MayfBa00
Kenny McIntosh,2024,24,SEA,31,172,0,RB,McInKe00
Craig Reynolds,2024,28,DET,31,139,0,RB,ReynCr00
Deshaun Watson,2024,29,CLE,31,148,1,QB,WatsDe00
Michael Carter,2023,24,ARINYJ,30,187,0,RB,CartMi03
Andy Dalton,2022,35,NOR,30,54,0,QB,DaltAn00
Isaiah Davis,2024,22,NYJ,30,174,1,RB,DaviIs00
Ty Johnson,2022,25,NYJ,30,160,1,RB,JohnTy02
Ty Johnson,2023,26,BUF,30,132,0,RB,JohnTy02
Dare Ogunbowale,2024,30,HOU,30,112,0,RB,OgunDa00
Will Shipley,2024,22,PHI,30,82,0,RB,ShipWi00
Matthew Stafford,2024,36,LAR,30,41,0,QB,StafMa00
Tom Brady,2022,45,TAM,29,-1,1,QB,BradTo00
Jared Goff,2022,28,DET,29,73,0,QB,GoffJa00
Nick Chubb,2023,28,CLE,28,170,0,RB,ChubNi00
Taylor Heinicke,2022,29,WAS,28,96,1,QB,HeinTa00
Mac Jones,2024,26,JAX,28,92,1,QB,JoneMa05
Rondale Moore,2023,23,ARI,28,178,1,WR,MoorRo02
Zach Wilson,2022,23,NYJ,28,102,1,QB,WilsZa00
Jake Browning,2023,27,CIN,27,127,3,QB,BrowJa08
Keaontay Ingram,2022,23,ARI,27,60,1,RB,IngrKe01
Matt Ryan,2022,37,IND,27,70,1,QB,RyanMa00
Easton Stick,2023,28,LAC,27,144,1,QB,SticEa00
Malik Willis,2022,23,TEN,27,123,1,QB,WillMa12
Rex Burkhead,2022,32,HOU,26,80,0,RB,BurkRe00
Sam Darnold,2022,25,CAR,26,106,2,QB,DarnSa00
Melvin Gordon,2023,30,BAL,26,81,1,RB,GordMe00
Tyler Huntley,2024,26,MIA,26,135,2,QB,HuntTy01
Mac Jones,2023,25,NWE,26,96,0,QB,JoneMa05
Tony Jones,2023,26,ARINOR,26,95,2,RB,JoneTo04
Trevor Lawrence,2024,25,JAX,26,119,3,QB,LawrTr00
Cooper Rush,2024,31,DAL,26,18,0,QB,RushCo00
Pierre Strong,2024,26,CLE,26,108,0,RB,StroPi00
Deshaun Watson,2023,28,CLE,26,142,1,QB,WatsDe00
Hassan Haskins,2022,23,TEN,25,93,0,RB,HaskHa00
Will Levis,2023,24,TEN,25,57,1,QB,LeviWi00
Jordan Love,2024,26,GNB,25,83,1,QB,LoveJo03
Anthony Richardson,2023,21,IND,25,136,4,QB,RichAn03
Mason Rudolph,2024,29,TEN,25,106,1,QB,RudoMa00
Jameis Winston,2024,30,CLE,25,83,1,QB,WinsJa00
Mike Boone,2022,27,DEN,24,102,0,RB,BoonMi00
Derek Carr,2022,31,LVR,24,102,0,QB,CarrDe02
Emari Demercado,2024,25,ARI,24,223,1,RB,DemeEm00
Trestan Ebner,2022,23,CHI,24,54,0,RB,EbneTr00
Nyheim Hines,2022,26,BUFIND,24,33,1,RB,HineNy00
Ke'Shawn Vaughn,2023,26,TAM,24,42,0,RB,VaugKe00
Tyson Bagent,2023,23,CHI,23,109,2,QB,BageTy00
Raheem Blackshear,2022,23,CAR,23,77,3,RB,BlacRa00
Kirk Cousins,2024,36,ATL,23,0,0,QB,CousKi00
Jimmy Garoppolo,2022,31,SFO,23,33,2,QB,GaroJi00
Damien Harris,2023,26,BUF,23,94,1,RB,HarrDa06
Craig Reynolds,2022,26,DET,23,102,0,RB,ReynCr00
Tua Tagovailoa,2022,24,MIA,23,70,0,QB,TagoTu00
Deuce Vaughn,2023,22,DAL,23,40,0,RB,VaugDe00
Israel Abanikanda,2023,21,NYJ,22,70,0,RB,AbanIs00
Salvon Ahmed,2023,25,MIA,22,61,1,RB,AhmeSa01
Julius Chestnut,2024,24,TEN,22,102,0,RB,ChesJu00
Dontrell Hilliard,2022,27,TEN,22,145,0,RB,HillDo00
J.D. McKissic,2022,29,WAS,22,95,0,RB,McKiJ.00
La'Mical Perine,2023,25,KAN,22,77,0,RB,PeriLa00
Brock Purdy,2022,23,SFO,22,13,1,QB,PurdBr00
Ronnie Rivers,2024,25,LAR,22,99,0,RB,RiveRo01
Aaron Rodgers,2024,41,NYJ,22,107,0,QB,RodgAa00
Carson Wentz,2022,30,WAS,22,86,1,QB,WentCa00
Avery Williams,2022,24,ATL,22,109,1,RB,WillAv02
Sam Darnold,2023,26,SFO,21,15,1,QB,DarnSa00
Jerick McKinnon,2023,31,KAN,21,60,1,RB,McKiJe00
Aidan O'Connell,2024,26,LVR,21,30,1,QB,OConAi00
Matthew Stafford,2023,35,LAR,21,65,0,QB,StafMa00
Dorian Thompson-Robinson,2024,25,CLE,21,122,0,QB,ThomDo02
Darrel Williams,2022,27,ARI,21,102,1,RB,WillDa10
Jeff Driskel,2022,29,HOU,20,75,0,QB,DrisJe00
Jimmy Garoppolo,2023,32,LVR,20,39,0,QB,GaroJi00
Jamycal Hasty,2024,28,NWE,20,69,0,RB,HastJa02
Jordan Mims,2024,25,NOR,20,70,0,RB,MimsJo00
Samaje Perine,2024,29,KAN,20,92,1,RB,PeriSa00
Jayden Reed,2024,24,GNB,20,163,1,WR,ReedJa03
Boston Scott,2023,28,PHI,20,86,0,RB,ScotBo02
Benny Snell Jr.,2022,24,PIT,20,90,1,RB,SnelBe00
Malik Willis,2024,25,GNB,20,138,1,QB,WillMa12
Xavier Worthy,2024,21,KAN,20,104,3,WR,WortXa00
Chris Brooks,2023,23,MIA,19,106,0,RB,BrooCh00
Travis Homer,2022,24,SEA,19,74,0,RB,HomeTr00
Gardner Minshew II,2024,28,LVR,19,58,0,QB,MinsGa00
Bryce Perkins,2022,26,LAR,19,90,0,QB,PerkBr02
Mitchell Trubisky,2022,28,PIT,19,38,2,QB,TrubMi00
Malcolm Brown,2022,29,LAR,18,81,1,RB,BrowMa03
Kevin Harris,2022,22,NWE,18,52,1,RB,HarrKe01
Drew Lock,2024,28,NYG,18,133,2,QB,LockDr00
Marcus Mariota,2024,31,WAS,18,92,1,QB,MariMa01
Spencer Rattler,2024,24,NOR,18,146,0,QB,RattSp00
Isaiah Spiller,2022,21,LAC,18,41,0,RB,SpilIs00
Brandon Bolden,2022,32,LVR,17,66,0,RB,BoldBr00
Derek Carr,2024,33,NOR,17,71,1,QB,CarrDe02
Sam Ehlinger,2022,24,IND,17,87,0,QB,EhliSa00
Eric Gray,2023,24,NYG,17,48,0,RB,GrayEr01
Ronald Jones II,2022,25,KAN,17,70,1,RB,JoneRo01
Aidan O'Connell,2023,25,LVR,17,11,1,QB,OConAi00
Jaret Patterson,2022,23,WAS,17,78,0,RB,PattJa01
Brandon Powell,2022,27,LAR,17,80,0,WR,PoweBr00
Tua Tagovailoa,2024,26,MIA,17,49,0,QB,TagoTu00
Ryan Tannehill,2023,35,TEN,17,74,1,QB,TannRy00
Mitchell Trubisky,2024,30,BUF,17,1,0,QB,TrubMi00
Deuce Vaughn,2024,23,DAL,17,70,0,RB,VaugDe00
Ke'Shawn Vaughn,2022,25,TAM,17,53,0,RB,VaugKe00
Carson Wentz,2023,31,LAR,17,56,1,QB,WentCa00
Zamir White,2022,23,LVR,17,70,0,RB,WhitZa01
Bailey Zappe,2023,24,NWE,17,83,1,QB,ZappBa00
Kevin Harris,2023,23,NWE,16,65,1,RB,HarrKe01
Trey Lance,2022,22,SFO,16,67,0,QB,LancTr00
Marlon Mack,2022,26,DENSFO,16,84,1,RB,MackMa00
Desmond Ridder,2022,23,ATL,16,64,0,QB,RiddDe00
Mitchell Trubisky,2023,29,PIT,16,54,2,QB,TrubMi00
KaVontae Turpin,2024,28,DAL,16,92,0,WR,TurpKa00
Jeff Wilson,2024,29,MIA,16,57,0,RB,WilsJe01
Ameer Abdullah,2023,30,LVR,15,89,0,RB,AbduAm00
Raheem Blackshear,2024,25,CAR,15,80,0,RB,BlacRa00
Jacoby Brissett,2024,32,NWE,15,62,0,QB,BrisJa00
Corey Clement,2022,28,ARI,15,55,1,RB,ClemCo00
Taylor Heinicke,2023,30,ATL,15,124,1,QB,HeinTa00
Tyler Huntley,2023,25,BAL,15,55,0,QB,HuntTy01
Phillip Lindsay,2022,28,IND,15,49,0,RB,LindPh00
Trace McSorley,2022,27,ARI,15,61,0,QB,McSoTr00
Keaton Mitchell,2024,22,BAL,15,30,0,RB,MitcKe01
Sean Tucker,2023,22,TAM,15,23,0,RB,TuckSe00
Trayveon Williams,2023,26,CIN,15,69,0,RB,WillTr06
Raheem Blackshear,2023,24,CAR,14,46,0,RB,BlacRa00
Kirk Cousins,2023,35,MIN,14,25,0,QB,CousKi00
Derius Davis,2023,23,LAC,14,101,0,WR,DaviDe02
Darrynton Evans,2022,24,CHI,14,64,0,RB,EvanDa02
Eric Gray,2024,25,NYG,14,31,0,RB,GrayEr01
Deon Jackson,2023,24,CLEINDNYG,14,16,0,RB,JackDe02
CeeDee Lamb,2023,24,DAL,14,113,2,WR,LambCe00
CeeDee Lamb,2024,25,DAL,14,70,0,WR,LambCe00
Colt McCoy,2022,36,ARI,14,36,0,QB,McCoCo00
D.J. Moore,2024,27,CHI,14,75,0,WR,MoorD.00
Jarrett Stidham,2022,26,LVR,14,84,0,QB,StidJa00
Dorian Thompson-Robinson,2023,24,CLE,14,65,0,QB,ThomDo02
Skylar Thompson,2022,25,MIA,14,21,0,QB,ThomSk00
Emanuel Wilson,2023,24,GNB,14,85,0,RB,WilsEm00
Kyle Allen,2023,27,BUF,13,-13,0,QB,AlleKy00
Mike Boone,2024,29,CAR,13,51,0,RB,BoonMi00
Clyde Edwards-Helaire,2024,25,NOR,13,46,0,RB,EdwaCl00
Tyler Goodson,2023,23,IND,13,87,0,RB,GoodTy00
Terrell Jennings,2024,23,NWE,13,33,0,RB,JennTe00
Jase McClellan,2024,22,ATL,13,32,0,RB,McClJa05
Marvin Mims,2024,22,DEN,13,42,0,WR,MimsMa00
Dak Prescott,2024,31,DAL,13,54,1,QB,PresDa01
Larry Rountree,2022,23,LAC,13,19,0,RB,RounLa00
Steven Sims,2022,25,PIT,13,70,0,WR,SimsSt00
Matthew Stafford,2022,34,LAR,13,9,1,QB,StafMa00
P.J. Walker,2023,28,CLE,13,30,0,QB,WalkPh00
Jordan Wilkins,2022,28,IND,13,58,0,RB,WilkJo01
Jamal Agnew,2022,27,JAX,12,86,0,WR,AgneJa00
Salvon Ahmed,2022,24,MIA,12,64,1,RB,AhmeSa01
Tevin Coleman,2022,29,SFO,12,26,1,RB,ColeTe01
Snoop Conner,2022,23,JAX,12,42,1,RB,ConnSn00
Derius Davis,2024,24,LAC,12,39,0,WR,DaviDe02
Devin Duvernay,2022,25,BAL,12,84,1,WR,DuveDe00
Leonard Fournette,2023,28,BUF,12,40,0,RB,FourLe00
David Johnson,2022,31,NOR,12,24,0,RB,JohnDa08
Hunter Luepke,2024,24,DAL,12,38,0,RB,LuepHu00
Puka Nacua,2023,22,LAR,12,89,0,WR,NacuPu00
Cooper Rush,2023,30,DAL,12,-5,0,QB,RushCo00
Laviska Shenault Jr.,2023,25,CAR,12,55,0,WR,ShenLa00
Calvin Austin III,2023,24,PIT,11,57,1,WR,AustCa00
Tyler Badie,2024,24,DEN,11,86,0,RB,BadiTy00
Andy Dalton,2024,37,CAR,11,34,0,QB,DaltAn00
Tank Dell,2023,24,HOU,11,51,0,WR,DellNa00
Jake Haener,2024,25,NOR,11,22,0,QB,HaenJa00
Trey Lance,2024,24,DAL,11,41,0,QB,LancTr00
Puka Nacua,2024,23,LAR,11,46,1,WR,NacuPu00
Rashaad Penny,2023,27,PHI,11,33,0,RB,PennRa00
Jayden Reed,2023,23,GNB,11,119,2,WR,ReedJa03
Trevor Siemian,2023,32,NYJ,11,40,0,QB,SiemTr00
Kadarius Toney,2023,24,KAN,11,31,0,WR,ToneKa00
KaVontae Turpin,2023,27,DAL,11,110,1,WR,TurpKa00
Dwayne Washington,2022,28,NOR,11,38,0,RB,WashDw00
Damien Williams,2023,31,ARI,11,43,0,RB,WillDa05
Jameson Williams,2024,23,DET,11,61,1,WR,WillJa11
Rasheen Ali,2024,23,BAL,10,31,0,RB,AlixRa00
DeeJay Dallas,2023,25,SEA,10,36,0,RB,DallDe00
Myles Gaskin,2022,25,MIA,10,26,0,RB,GaskMy00
Alec Ingold,2024,28,MIA,10,17,1,FB,IngoAl01
Tony Jones,2022,25,NORSEA,10,24,0,RB,JoneTo04
CeeDee Lamb,2022,23,DAL,10,47,0,WR,LambCe00
Ray-Ray McCloud,2024,28,ATL,10,79,0,WR,McClRa00
Joe Milton,2024,24,NWE,10,16,1,QB,MiltJo00
D.J. Moore,2022,25,CAR,10,53,0,WR,MoorD.00
Nick Mullens,2023,28,MIN,10,25,0,QB,MullNi00
Mason Rudolph,2023,28,PIT,10,8,0,QB,RudoMa00
Pierre Strong,2022,24,NWE,10,100,1,RB,StroPi00
J.J. Taylor,2022,24,NWE,10,9,0,RB,TaylJJ01
J.J. Taylor,2024,26,HOU,10,44,0,RB,TaylJJ01
Patrick Taylor,2022,24,GNB,10,31,0,RB,TaylPa01
Tre Tucker,2023,22,LVR,10,77,0,WR,TuckTr00
Bailey Zappe,2022,23,NWE,10,0,0,QB,ZappBa00
Tutu Atwell,2022,23,LAR,9,34,1,WR,AtweTu00
Braxton Berrios,2022,27,NYJ,9,91,2,WR,BerrBr00
Gary Brightwell,2023,24,NYG,9,19,0,RB,BrigGa00
Jonathon Brooks,2024,21,CAR,9,22,0,RB,BrooJo02
Spencer Brown,2022,24,CAR,9,43,0,RB,BrowSp01
Julius Chestnut,2022,22,TEN,9,12,0,RB,ChesJu00
Chase Claypool,2022,24,CHIPIT,9,59,0,WR,ClayCh01
DeeJay Dallas,2024,26,ARI,9,49,0,RB,DallDe00
Tank Dell,2024,25,HOU,9,43,0,WR,DellNa00
Joshua Dobbs,2024,29,SFO,9,24,2,QB,DobbJo00
Zach Evans,2023,22,LAR,9,19,0,RB,EvanZa00
Joe Flacco,2023,38,CLE,9,2,0,QB,FlacJo00
Joe Flacco,2024,39,IND,9,26,0,QB,FlacJo00
Zay Flowers,2024,24,BAL,9,56,0,WR,FlowZa00
Velus Jones Jr.,2022,25,CHI,9,103,1,WR,JoneVe00
Cooper Kupp,2022,29,LAR,9,52,1,WR,KuppCo00
Isaiah McKenzie,2022,27,BUF,9,55,1,WR,McKeIs00
Marvin Mims,2023,21,DEN,9,30,0,WR,MimsMa00
Elijah Moore,2023,23,CLE,9,11,0,WR,MoorEl00
Kene Nwangwu,2022,24,MIN,9,14,0,RB,NwanKe00
Kenny Pickett,2024,26,PHI,9,15,1,QB,PickKe00
Desmond Ridder,2024,25,LVR,9,36,0,QB,RiddDe00
Calvin Ridley,2023,29,JAX,9,23,0,WR,RidlCa00
Ronnie Rivers,2022,23,LAR,9,21,0,RB,RiveRo01
Wan'Dale Robinson,2023,22,NYG,9,87,1,WR,RobiWa01
Cooper Rush,2022,29,DAL,9,6,0,QB,RushCo00
Laviska Shenault Jr.,2022,24,CAR,9,65,1,WR,ShenLa00
Jarrett Stidham,2023,27,DEN,9,8,0,QB,StidJa00
Chris Streveler,2022,27,NYJ,9,54,0,QB,StreCh00
Amon-Ra St. Brown,2022,23,DET,9,95,0,WR,StxxAm00
Tre Tucker,2024,23,LVR,9,44,1,WR,TuckTr00
Derek Watt,2022,30,PIT,9,21,1,FB,WattDe00
C.J. Beathard,2023,30,JAX,8,35,0,QB,BeatC.00
Giovani Bernard,2022,31,TAM,8,28,0,RB,BernGi00
Khari Blasingame,2023,27,CHI,8,26,0,FB,BlasKh00
Dalvin Cook,2024,29,DAL,8,20,0,RB,CookDa01
Mike Davis,2022,29,BAL,8,18,0,RB,DaviMi01
Tommy DeVito,2024,26,NYG,8,32,0,QB,DeViTo00
J.K. Dobbins,2023,25,BAL,8,22,1,RB,DobbJK00
Joshua Dobbs,2022,27,TEN,8,44,0,QB,DobbJo00
Demario Douglas,2023,23,NWE,8,41,0,WR,DougDe00
Zay Flowers,2023,23,BAL,8,56,1,WR,FlowZa00
Jerome Ford,2022,23,CLE,8,12,0,RB,FordJe00
Xavier Gipson,2023,22,NYJ,8,68,1,WR,GipsXa00
Tyreek Hill,2024,30,MIA,8,53,0,WR,HillTy00
Velus Jones Jr.,2023,26,CHI,8,51,0,WR,JoneVe00
Marcus Mariota,2023,30,PHI,8,52,0,QB,MariMa01
Bo Melton,2024,25,GNB,8,54,0,WR,MeltBo00
Dare Ogunbowale,2023,29,HOU,8,35,0,RB,OgunDa00
Gunner Olszewski,2022,26,PIT,8,39,0,WR,OlszGu00
Calvin Ridley,2024,30,TEN,8,55,1,WR,RidlCa00
Sterling Shepard,2024,31,TAM,8,69,0,WR,ShepSt00
Ihmir Smith-Marsette,2023,24,CAR,8,74,1,WR,SmitIh00
Deven Thompkins,2023,24,TAM,8,56,0,WR,ThomDe07
Clayton Tune,2023,24,ARI,8,30,1,QB,TuneCl00
Mike White,2023,28,MIA,8,-9,0,QB,WhitMi01
John Wolford,2022,27,LAR,8,32,0,QB,WolfJo00
Michael Burton,2023,31,DEN,7,9,0,FB,BurtMi00
Michael Burton,2024,32,DEN,7,8,1,FB,BurtMi00
Greg Dortch,2022,24,ARI,7,44,0,WR,DortGr01
Jeff Driskel,2023,30,CLE,7,33,0,QB,DrisJe00
Blaine Gabbert,2023,34,KAN,7,45,0,QB,GabbBl00
Tyreek Hill,2022,28,MIA,7,32,1,WR,HillTy00
Diontae Johnson,2022,26,PIT,7,25,0,WR,JohnDi01
Kyle Juszczyk,2022,31,SFO,7,26,1,FB,JuszKy00
Terry McLaurin,2022,27,WAS,7,29,0,WR,McLaTe00
Gardner Minshew II,2022,26,PHI,7,3,1,QB,MinsGa00
Michael Penix,2024,24,ATL,7,11,1,QB,PeniMi00
Kalif Raymond,2022,28,DET,7,36,0,WR,RaymKa00
Kalif Raymond,2023,29,DET,7,75,0,WR,RaymKa00
Patrick Ricard,2022,28,BAL,7,16,0,FB,RicaPa00
Curtis Samuel,2023,27,WAS,7,39,1,WR,SamuCu00
Tyler Scott,2023,22,CHI,7,41,0,WR,ScotTy00
Rashid Shaheed,2023,25,NOR,7,37,0,WR,ShahRa00
Kadarius Toney,2022,23,KANNYG,7,82,1,WR,ToneKa00
Clayton Tune,2024,25,ARI,7,-4,0,QB,TuneCl00
Christian Watson,2022,23,GNB,7,80,2,WR,WatsCh00
Kyle Allen,2022,26,HOU,6,13,0,QB,AlleKy00
Tyson Bagent,2024,24,CHI,6,-7,0,QB,BageTy00
Kendrick Bourne,2022,27,NWE,6,39,0,WR,BourKe00
Ty Chandler,2022,24,MIN,6,20,0,RB,ChanTy01
Tyrion Davis-Price,2023,23,SFO,6,21,0,RB,DaviTy03
Jaren Hall,2023,25,MIN,6,14,0,QB,HallJa00
Tyreek Hill,2023,29,MIA,6,15,0,WR,HillTy00
Travis Homer,2024,26,CHI,6,23,0,RB,HomeTr00
Alec Ingold,2022,26,MIA,6,8,1,FB,IngoAl01
Jermar Jefferson,2024,24,DET,6,22,0,RB,JeffJe00
Xavier Legette,2024,23,CAR,6,24,0,WR,LegeXa00
MarShawn Lloyd,2024,23,GNB,6,15,0,RB,LloyMa00
Hunter Luepke,2023,23,DAL,6,19,1,RB,LuepHu00
Anthony McFarland Jr.,2022,24,PIT,6,30,0,RB,McFaAn00
Rondale Moore,2022,22,ARI,6,-5,0,WR,MoorRo02
Brett Rypien,2022,26,DEN,6,7,0,QB,RypiBr00
Rashid Shaheed,2024,26,NOR,6,29,0,WR,ShahRa00
Aaron Shampklin,2024,25,PIT,6,17,0,RB,ShamAa00
Equanimeous St. Brown,2022,26,CHI,6,54,0,WR,St.BEq00
Brian Thomas,2024,22,JAX,6,48,0,WR,ThomBr06
Sione Vaki,2024,23,DET,6,14,0,RB,VakiSi00
P.J. Walker,2022,27,CAR,6,39,0,QB,WalkPh00
Davis Webb,2022,27,NYG,6,41,1,QB,WebbDa00
Mike White,2022,27,NYJ,6,9,1,QB,WhitMi01
Trayveon Williams,2022,25,CIN,6,30,0,RB,WillTr06
Tutu Atwell,2023,24,LAR,5,31,0,WR,AtweTu00
Andrew Beck,2023,27,HOU,5,3,1,FB,BeckAn01
Mike Boone,2023,28,HOU,5,23,0,S,BoonMi00
Lynn Bowden Jr.,2023,26,NOR,5,32,0,WR,BowdLy00
Brock Bowers,2024,22,LVR,5,13,0,TE,BoweBr01
Harrison Bryant,2023,25,CLE,5,8,0,TE,BryaHa00
Treylon Burks,2023,23,TEN,5,18,0,WR,BurkTr00
Michael Burton,2022,30,KAN,5,7,0,RB,BurtMi00
Parris Campbell,2022,25,IND,5,58,0,WR,CampPa00
Ja'Marr Chase,2022,22,CIN,5,8,0,WR,ChasJa00
Chris Collier,2024,24,LVRBAL,5,12,0,RB,CollCh01
Brandin Cooks,2023,30,DAL,5,35,0,WR,CookBr00
Greg Dortch,2024,26,ARI,5,31,0,WR,DortGr01
Ashton Dulin,2024,27,IND,5,45,0,WR,DuliAs00
Erik Ezukanma,2023,23,MIA,5,22,0,WR,EzukEr00
Mecole Hardman,2024,26,KAN,5,62,1,WR,HardMe00
Chad Henne,2022,37,KAN,5,-5,0,QB,HennCh01
Hendon Hooker,2024,26,DET,5,2,0,QB,HookHe00
Sam Howell,2022,22,WAS,5,35,1,QB,HoweSa00
Xavier Hutchinson,2023,23,HOU,5,49,0,WR,HutcXa00
Julio Jones,2022,33,TAM,5,45,0,WR,JoneJu02
Kyle Juszczyk,2023,32,SFO,5,6,0,FB,JuszKy00
Kyle Juszczyk,2024,33,SFO,5,26,1,FB,JuszKy00
Case Keenum,2022,34,BUF,5,0,0,QB,KeenCa00
Jacob Kibodi,2024,26,CLE,5,24,0,RB,KiboJa00
Christian Kirk,2022,26,JAX,5,11,0,WR,KirkCh01
Drew Lock,2023,27,SEA,5,14,0,QB,LockDr00
Tanner McKee,2024,24,PHI,5,-1,0,QB,McKeTa01
Elijah Moore,2022,22,NYJ,5,5,0,WR,MoorEl00
Malik Nabers,2024,21,NYG,5,2,0,WR,NabeMa00
Kene Nwangwu,2023,25,MIN,5,13,0,RB,NwanKe00
Brandon Powell,2023,28,MIN,5,17,0,WR,PoweBr00
Curtis Samuel,2024,28,BUF,5,14,0,WR,SamuCu00
Jaxon Smith-Njigba,2024,22,SEA,5,26,0,WR,SmitJa06
Nate Sudfeld,2022,29,DET,5,-4,0,QB,SudfNa00
Tyrod Taylor,2022,33,NYG,5,70,0,QB,TaylTy00
Kyle Trask,2024,26,TAM,5,-4,0,QB,TrasKy00
DJ Turner,2024,27,LVR,5,33,1,WR,TurnDJ00
Jonathan Ward,2022,25,ARITEN,5,25,0,RB,WardJo00
Jonathan Ward,2024,27,PIT,5,22,0,RB,WardJo00
Malik Washington,2024,23,MIA,5,25,1,WR,WashMa00
Montrell Washington,2022,23,DEN,5,30,0,WR,WashMo00
Malik Willis,2023,24,TEN,5,21,0,QB,WillMa12
Jameis Winston,2022,28,NOR,5,16,0,QB,WinsJa00
Jameis Winston,2023,29,NOR,5,-6,0,QB,WinsJa00
Ameer Abdullah,2022,29,LVR,4,20,0,RB,AbduAm00
Jamal Agnew,2023,28,JAX,4,-2,0,WR,AgneJa00
Mark Andrews,2024,29,BAL,4,5,0,TE,AndrMa00
C.J. Beathard,2022,29,JAX,4,-4,0,QB,BeatC.00
David Blough,2022,27,ARI,4,5,0,QB,BlouDa00
Brandon Bolden,2023,33,LVR,4,31,1,RB,BoldBr00
Tim Boyle,2023,29,NYJ,4,5,0,QB,BoylTi00
Treylon Burks,2022,22,TEN,4,47,0,WR,BurkTr00
Pharoh Cooper,2022,27,ARI,4,15,0,WR,CoopPh00
Elijah Dotson,2023,24,LAC,4,6,0,RB,DotsEl00
Devin Duvernay,2023,26,BAL,4,15,0,WR,DuveDe00
Devin Duvernay,2024,27,JAX,4,3,0,WR,DuveDe00
Chris Godwin,2023,27,TAM,4,38,1,WR,GodwCh00
Marquise Goodwin,2023,33,CLE,4,33,0,WR,GoodMa00
C.J. Ham,2022,29,MIN,4,7,2,FB,HamxC.00
Mecole Hardman,2022,24,KAN,4,31,2,WR,HardMe00
Deonte Harty,2023,26,BUF,4,0,0,WR,HarrDe07
Mack Hollins,2022,29,LVR,4,40,0,WR,HollMa00
Zander Horvath,2022,24,LAC,4,8,0,FB,HorvZa00
Justin Jefferson,2022,23,MIN,4,24,1,WR,JeffJu00
Jerry Jeudy,2022,23,DEN,4,40,0,WR,JeudJe00
D'Ernest Johnson,2022,26,CLE,4,17,0,RB,JohnDE04
Josh Johnson,2024,38,BAL,4,1,0,QB,JohnJo05
Tony Jones,2024,27,ARI,4,55,1,RB,JoneTo04
Zay Jones,2022,27,JAX,4,18,0,WR,JoneZa00
Ray-Ray McCloud,2022,26,SFO,4,78,1,WR,McClRa00
Jalen McMillan,2024,23,TAM,4,43,0,WR,McMiJa01
Jakobi Meyers,2023,27,LVR,4,24,2,WR,MeyeJa01
Adonai Mitchell,2024,22,IND,4,6,0,WR,MitcAd00
D.J. Moore,2023,26,CHI,4,21,1,WR,MoorD.00
Nick Mullens,2022,27,MIN,4,8,0,QB,MullNi00
Adam Prentice,2022,25,NOR,4,9,0,FB,PrenAd00
Jalen Reagor,2022,23,MIN,4,25,0,WR,ReagJa00
Anthony Schwartz,2022,22,CLE,4,57,1,WR,SchwAn00
Rashid Shaheed,2022,24,NOR,4,57,1,WR,ShahRa00
Trevor Siemian,2022,31,CHI,4,8,0,QB,SiemTr00
Xavier Smith,2024,27,LAR,4,36,0,WR,SmitXa00
Jarrett Stidham,2024,28,DEN,4,5,0,QB,StidJa00
Amon-Ra St. Brown,2023,24,DET,4,24,0,WR,StxxAm00
Trent Taylor,2022,28,CIN,4,15,0,WR,TaylTr02
DJ Turner,2022,25,LVR,4,26,0,WR,TurnDJ00
Jaylen Waddle,2024,26,MIA,4,12,0,WR,WaddJa00
Blake Watson,2024,25,DEN,4,10,0,RB,WatsBl00
Christian Watson,2023,24,GNB,4,11,0,WR,WatsCh00
Christian Watson,2024,25,GNB,4,23,0,WR,WatsCh00
Garrett Wilson,2022,22,NYJ,4,4,0,WR,WilsGa00
Garrett Wilson,2023,23,NYJ,4,0,0,WR,WilsGa00
Davante Adams,2022,30,LVR,3,-1,0,WR,AdamDa01
Jordan Addison,2024,22,MIN,3,20,1,WR,AddiJo00
Brandon Allen,2022,30,CIN,3,-1,0,QB,AlleBr00
Brandon Allen,2024,32,SFO,3,4,0,QB,AlleBr00
Mark Andrews,2022,27,BAL,3,8,0,TE,AndrMa00
Matt Barkley,2023,33,JAX,3,-3,0,QB,BarkMa00
Reggie Bonnafon,2022,26,WAS,3,8,0,LB,BonnRe00
Tim Boyle,2024,30,MIANYG,3,9,0,QB,BoylTi00
Teddy Bridgewater,2022,30,MIA,3,27,0,QB,BridTe00
Jacoby Brissett,2023,31,WAS,3,19,0,QB,BrisJa00
Anthony Brown,2022,24,BAL,3,-5,0,QB,BrowAn06
Dyami Brown,2024,25,WAS,3,26,0,WR,BrowDy00
DeAndre Carter,2023,30,LVR,3,18,0,WR,CartDe02
Ja'Marr Chase,2023,23,CIN,3,-6,0,WR,ChasJa00
Ja'Marr Chase,2024,24,CIN,3,32,0,WR,ChasJa00
Sean Clifford,2023,25,GNB,3,-2,0,QB,ClifSe00
Brandin Cooks,2024,31,DAL,3,-3,0,WR,CookBr00
Andy Dalton,2023,36,CAR,3,12,0,QB,DaltAn00
Tyrion Davis-Price,2024,24,PHI,3,7,0,RB,DaviTy03
Stefon Diggs,2024,31,HOU,3,8,1,WR,DiggSt00
Demario Douglas,2024,24,NWE,3,16,0,WR,DougDe00
Darrynton Evans,2024,26,CHI,3,3,0,RB,EvanDa02
Gerald Everett,2023,29,LAC,3,10,0,TE,EverGe00
Joe Flacco,2022,37,NYJ,3,6,0,QB,FlacJo00
Myles Gaskin,2024,27,MIN,3,-1,0,RB,GaskMy00
Reggie Gilliam,2024,27,BUF,3,7,0,FB,GillRe00
Chris Godwin,2022,26,TAM,3,5,0,WR,GodwCh00
Derrick Gore,2023,29,WAS,3,26,0,RB,GoreDe00
George Holani,2024,25,SEA,3,10,0,RB,HolaGe00
Brian Hoyer,2023,38,LVR,3,-3,0,QB,HoyeBr00
Godwin Igwebuike,2022,28,SEA,3,4,0,RB,IgweGo00
Quentin Johnston,2023,22,LAC,3,9,0,WR,JohnQu02
Quentin Johnston,2024,23,LAC,3,6,0,WR,JohnQu02
Velus Jones Jr.,2024,27,CARCHI,3,11,0,WR,JoneVe00
Cole Kmet,2023,24,CHI,3,2,0,TE,KmetCo00
Zonovan Knight,2023,22,DET,3,13,0,RB,KnigZo00
Tucker Kraft,2024,24,GNB,3,6,0,TE,KrafTu00
Ray-Ray McCloud,2023,27,SFO,3,30,0,WR,McClRa00
Isaiah McKenzie,2023,28,IND,3,14,0,WR,McKeIs00
Bo Melton,2023,24,GNB,3,21,0,WR,MeltBo00
Davis Mills,2024,26,HOU,3,11,0,QB,MillDa02
Ty Montgomery,2023,30,NWE,3,9,0,RB,MontTy01
Chris Moore,2022,29,HOU,3,3,0,WR,MoorCh00
Skyy Moore,2022,22,KAN,3,24,0,WR,MoorSk01
Skyy Moore,2023,23,KAN,3,23,0,WR,MoorSk01
Nick Mullens,2024,29,MIN,3,-2,0,QB,MullNi00
Jalen Nailor,2024,25,MIN,3,-4,0,WR,NailJa00
Rome Odunze,2024,22,CHI,3,15,0,WR,OdunRo00
Chigoziem Okonkwo,2022,23,TEN,3,2,0,TE,OkonCh00
K.J. Osborn,2022,25,MIN,3,6,0,WR,OsboKJ00
Devine Ozigbo,2022,26,DEN,3,4,0,RB,OzigDe01
Devine Ozigbo,2023,27,DET,3,5,0,RB,OzigDe01
Trey Palmer,2023,22,TAM,3,22,0,WR,PalmTr00
Ricky Pearsall,2024,24,SFO,3,45,0,WR,PearRi00
George Pickens,2022,21,PIT,3,24,1,WR,PickGe00
George Pickens,2023,22,PIT,3,18,0,WR,PickGe00
Michael Pittman Jr.,2022,25,IND,3,30,0,WR,PittMi01
Jalen Reagor,2024,25,LAC,3,-3,0,WR,ReagJa00
Wan'Dale Robinson,2024,23,NYG,3,18,0,WR,RobiWa01
Brett Rypien,2023,27,LAR,3,19,0,QB,RypiBr00
Tyrod Taylor,2024,35,NYJ,3,13,0,QB,TaylTy00
Tyquan Thornton,2022,22,NWE,3,16,1,WR,ThorTy00
Tyquan Thornton,2023,23,NWE,3,51,0,WR,ThorTy00
KaVontae Turpin,2022,26,DAL,3,17,0,WR,TurpKa00
Jaylen Waddle,2022,24,MIA,3,26,0,WR,WaddJa00
Jaylen Waddle,2023,25,MIA,3,12,0,WR,WaddJa00
Jonathan Ward,2023,26,TEN,3,11,0,RB,WardJo00
Quez Watkins,2022,24,PHI,3,1,0,WR,WatkQu00
Carson Wentz,2024,32,KAN,3,0,0,QB,WentCa00
Jameson Williams,2023,22,DET,3,29,1,WR,WillJa11
Brandon Aiyuk,2022,24,SFO,2,23,0,WR,AiyuBr00
Keenan Allen,2023,31,LAC,2,6,0,WR,AlleKe00
Tutu Atwell,2024,25,LAR,2,7,0,WR,AtweTu00
Nick Bawden,2023,27,NYJ,2,4,1,FB,BawdNi00
Andrew Beck,2022,26,DEN,2,0,0,TE,BeckAn01
Tyler Boyd,2023,29,CIN,2,11,0,WR,BoydTy00
Tim Boyle,2022,28,CHI,2,-2,0,QB,BoylTi00
Teddy Bridgewater,2023,31,DET,2,-2,0,QB,BridTe00
Jake Browning,2024,28,CIN,2,-2,0,QB,BrowJa08
Marquise Brown,2023,26,ARI,2,23,0,WR,BrowMa04
Treylon Burks,2024,24,TEN,2,1,0,WR,BurkTr00
DeAndre Carter,2022,29,LAC,2,-15,0,WR,CartDe02
Tyler Conklin,2022,27,NYJ,2,3,0,TE,ConkTy00
Brandin Cooks,2022,29,HOU,2,7,0,WR,CookBr00
Malachi Corley,2024,22,NYJ,2,26,0,WR,CorlMa00
Ashtyn Davis,2023,27,NYJ,2,3,0,S,DaviAs00
Michael Dickson,2022,26,SEA,2,-18,0,P,DickMi00
Jahan Dotson,2022,22,WAS,2,-7,0,WR,DotsJa00
Kenyan Drake,2023,29,GNBBAL,2,0,0,RB,DrakKe00
Ashton Dulin,2022,25,IND,2,8,0,WR,DuliAs00
Evan Engram,2022,28,JAX,2,13,0,TE,EngrEv00
D'Wayne Eskridge,2022,25,SEA,2,10,0,WR,EskrDW00
D'Wayne Eskridge,2023,26,SEA,2,5,0,WR,EskrDW00
Chris Evans,2023,26,CIN,2,12,0,RB,EvanCh02
Nick Foles,2022,33,IND,2,8,0,QB,FoleNi00
Troy Franklin,2024,21,DEN,2,8,0,WR,FranTr00
Jake Funk,2023,25,IND,2,10,0,RB,FunkJa00
Jimmy Garoppolo,2024,33,LAR,2,5,0,QB,GaroJi00
Jamie Gillan,2022,25,NYG,2,-3,0,P,GillJa00
Marquise Goodwin,2022,32,SEA,2,5,0,WR,GoodMa00
KJ Hamler,2022,23,DEN,2,23,0,WR,HamlKJ00
C.J. Ham,2024,31,MIN,2,10,1,FB,HamxC.00
Taylor Heinicke,2024,31,LAC,2,20,0,QB,HeinTa00
Connor Heyward,2022,23,PIT,2,27,0,TE,HeywCo00
Kendall Hinton,2022,25,DEN,2,13,0,WR,HintKe00
DeAndre Hopkins,2023,31,TEN,2,9,0,WR,HopkDe00
Alec Ingold,2023,27,MIA,2,0,0,FB,IngoAl01
Richie James,2022,27,NYG,2,6,0,WR,JameRi00
Diontae Johnson,2024,28,CARHOUBAL,2,6,0,WR,JohnDi01
Duke Johnson,2022,29,BUF,2,4,0,RB,JohnDu00
Josh Johnson,2022,36,SFO,2,3,0,QB,JohnJo05
Kameron Johnson,2024,22,TAM,2,11,0,WR,JohnKa01
Charlie Jones,2023,25,CIN,2,13,0,WR,JoneCh11
Case Keenum,2023,35,HOU,2,1,0,QB,KeenCa00
Travis Kelce,2022,33,KAN,2,5,0,TE,KelcTr00
Cole Kmet,2022,23,CHI,2,9,0,TE,KmetCo00
Cooper Kupp,2024,31,LAR,2,10,0,WR,KuppCo00
Allen Lazard,2022,27,GNB,2,0,0,WR,LazaAl00
Tyreik McAllister,2024,26,LVR,2,11,0,WR,McAlTy00
Terry McLaurin,2024,29,WAS,2,2,0,WR,McLaTe00
Jakobi Meyers,2022,26,NWE,2,-11,0,WR,MeyeJa01
Jakobi Meyers,2024,28,LVR,2,23,0,WR,MeyeJa01
Davis Mills,2023,25,HOU,2,9,0,QB,MillDa02
Jonathan Mingo,2024,23,CARDAL,2,5,0,WR,MingJo00
Ty Montgomery,2022,29,NWE,2,-2,0,WR,MontTy01
Darnell Mooney,2023,26,CHI,2,5,0,WR,MoonDa00
Chris Moore,2023,30,TEN,2,39,0,WR,MoorCh00
C.J. Moore,2022,27,DET,2,55,0,S,MoorCJ01
David Njoku,2022,26,CLE,2,-8,0,TE,NjokDa00
Chigoziem Okonkwo,2023,24,TEN,2,6,0,TE,OkonCh00
Breshad Perriman,2022,29,TAM,2,-7,0,WR,PerrBr02
Nathan Peterman,2022,28,CHI,2,7,0,QB,PeteNa00
Nathan Peterman,2023,29,CHI,2,-4,0,QB,PeteNa00
Dante Pettis,2022,27,CHI,2,37,0,WR,PettDa00
George Pickens,2024,23,PIT,2,-6,0,WR,PickGe00
Adam Prentice,2023,26,NOR,2,12,0,FB,PrenAd00
Kalif Raymond,2024,30,DET,2,0,0,WR,RaymKa00
Jalen Reeves-Maybin,2023,28,DET,2,3,0,LB,ReevJa00
Wan'Dale Robinson,2022,21,NYG,2,-1,0,WR,RobiWa01
Amari Rodgers,2022,23,GNBHOU,2,7,0,WR,RodgAm00
Armani Rogers,2022,25,WAS,2,26,0,TE,RogeAr00
Trey Sermon,2022,23,PHI,2,19,0,RB,SermTr00
Khalil Shakir,2024,24,BUF,2,4,0,WR,ShakKh00
Ben Skowronek,2023,26,LAR,2,9,0,WR,SkowBe00
Darius Slayton,2024,27,NYG,2,17,0,WR,SlayDa01
Ainias Smith,2024,23,PHI,2,6,0,WR,SmitAi00
Jonnu Smith,2024,29,MIA,2,-1,0,TE,SmitJo01
Durham Smythe,2022,27,MIA,2,1,1,TE,SmytDu00
Amon-Ra St. Brown,2024,25,DET,2,6,0,WR,StxxAm00
Deven Thompkins,2022,23,TAM,2,26,0,WR,ThomDe07
Deven Thompkins,2024,25,CAR,2,7,0,WR,ThomDe07
Kadarius Toney,2024,25,CLE,2,-4,0,WR,ToneKa00
Ke'Shawn Vaughn,2024,27,SFO,2,4,0,RB,VaugKe00
Jordan Whittington,2024,24,LAR,2,12,0,WR,WhitJo04
Damien Williams,2022,30,ATL,2,2,0,RB,WillDa05
Garrett Wilson,2024,24,NYJ,2,5,0,WR,WilsGa00
Olamide Zaccheaus,2022,25,ATL,2,7,0,WR,ZaccOl01
Bailey Zappe,2024,25,CLE,2,2,0,QB,ZappBa00
Jordan Addison,2023,21,MIN,1,2,0,WR,AddiJo00
Keenan Allen,2022,30,LAC,1,8,0,WR,AlleKe00
Marcus Allen,2022,26,PIT,1,4,0,DB,AlleMa03
Mark Andrews,2023,28,BAL,1,0,0,TE,AndrMa00
Bryan Anger,2022,34,DAL,1,0,0,P,AngeBr00
Kevin Austin,2024,24,NOR,1,9,0,WR,AustKe00
Tyler Badie,2022,22,DEN,1,0,0,RB,BadiTy00
Jake Bailey,2024,27,MIA,1,0,0,P,BailJa00
Rashod Bateman,2023,24,BAL,1,18,0,WR,BateRa00
Daniel Bellinger,2022,22,NYG,1,2,1,TE,BellDa00
Nick Bellore,2022,33,SEA,1,3,0,LB,BellNi01
Dane Belton,2024,24,NYG,1,10,0,S,BeltDa00
Braxton Berrios,2023,28,MIA,1,11,0,WR,BerrBr00
Jake Bobo,2023,25,SEA,1,3,1,WR,BoboJa00
Kendrick Bourne,2023,28,NWE,1,4,0,WR,BourKe00
Kendrick Bourne,2024,29,NWE,1,6,0,WR,BourKe00
Tyler Boyd,2024,30,TEN,1,3,0,WR,BoydTy00
British Brooks,2024,25,HOU,1,2,0,RB,BrooBr01
Dyami Brown,2022,23,WAS,1,15,0,WR,BrowDy00
Dyami Brown,2023,24,WAS,1,0,0,WR,BrowDy00
Marquise Brown,2022,25,ARI,1,1,0,WR,BrowMa04
Noah Brown,2023,27,HOU,1,-1,0,WR,BrowNo00
Harrison Bryant,2022,24,CLE,1,8,0,TE,BryaHa00
Jason Cabinda,2022,26,DET,1,4,0,LB,CabiJa00
Jason Cabinda,2023,27,DET,1,0,0,FB,CabiJa00
Sean Chandler,2022,26,CAR,1,2,0,S,ChanSe00
Keon Coleman,2024,21,BUF,1,9,0,WR,ColeKe02
Nico Collins,2023,24,HOU,1,7,0,WR,CollNi00
Tyler Conklin,2023,28,NYJ,1,0,0,TE,ConkTy00
Tyler Conklin,2024,29,NYJ,1,0,0,TE,ConkTy00
Jashaun Corbin,2023,23,NYG,1,1,0,RB,CorbJa01
Jacob Cowing,2024,23,SFO,1,7,0,WR,CowiJa00
Chase Daniel,2022,36,LAC,1,4,0,QB,DaniCh00
Jaelon Darden,2022,23,CLETAM,1,2,0,WR,DardJa00
Ashtyn Davis,2022,26,NYJ,1,2,0,S,DaviAs00
Ashtyn Davis,2024,28,NYJ,1,21,0,S,DaviAs00
Gabriel Davis,2023,24,BUF,1,-2,0,WR,DaviGa01
Stefon Diggs,2022,29,BUF,1,-3,0,WR,DiggSt00
Stefon Diggs,2023,30,BUF,1,5,0,WR,DiggSt00
Greg Dortch,2023,25,ARI,1,5,0,WR,DortGr01
Jahan Dotson,2024,24,PHI,1,13,0,WR,DotsJa00
Romeo Doubs,2022,22,GNB,1,11,0,WR,DoubRo00
Josh Downs,2024,23,IND,1,12,0,WR,DownJo00
Gerald Everett,2022,28,LAC,1,0,0,TE,EverGe00
Matthias Farley,2022,30,LVR,1,-3,0,S,FarlMa00
Clayton Fejedelem,2022,29,MIA,1,0,0,S,FejeCl00
Demetric Felton,2022,24,CLE,1,-4,0,WR,FeltDe00
Feleipe Franks,2022,25,ATL,1,0,0,QB,FranFe00
Blake Gillikin,2023,25,ARI,1,10,0,P,GillBl00
Xavier Gipson,2024,23,NYJ,1,5,0,WR,GipsXa00
Chris Godwin,2024,28,TAM,1,2,0,WR,GodwCh00
Dallas Goedert,2023,28,PHI,1,1,0,TE,GoedDa00
Kylen Granson,2022,24,IND,1,0,0,TE,GranKy00
Kylen Granson,2023,25,IND,1,2,0,TE,GranKy00
Danny Gray,2022,23,SFO,1,9,0,WR,GrayDa02
Noah Gray,2022,23,KAN,1,1,1,TE,GrayNo00
Noah Gray,2023,24,KAN,1,1,0,TE,GrayNo00
Noah Gray,2024,25,KAN,1,-4,0,TE,GrayNo00
C.J. Ham,2023,30,MIN,1,7,0,FB,HamxC.00
Mecole Hardman,2023,25,KANNYJ,1,3,0,WR,HardMe00
Matthew Hayball,2024,27,NOR,1,11,0,P,HaybMa00
Johnny Hekker,2023,33,CAR,1,-11,0,P,HekkJo00
Peyton Hendershot,2022,23,DAL,1,2,1,TE,HendPe01
Peyton Hendershot,2023,24,DAL,1,0,0,TE,HendPe01
Connor Heyward,2023,24,PIT,1,0,0,TE,HeywCo00
Jaden Hicks,2024,22,KAN,1,1,0,DB,HickJa01
Kylin Hill,2022,24,GNB,1,7,0,RB,HillKy00
KhaDarel Hodge,2023,28,ATL,1,0,0,WR,HodgKh00
Amani Hooker,2023,25,TEN,1,2,0,DB,HookAm00
Jordan Howard,2022,28,NOR,1,1,0,RB,HowaJo00
Sam Howell,2024,24,SEA,1,2,0,QB,HoweSa00
Tanner Hudson,2024,30,CIN,1,1,0,TE,HudsTa00
Evan Hull,2023,23,IND,1,1,0,RB,HullEv00
Robert Hunt,2022,26,MIA,1,0,0,RG,HuntRo01
Trenton Irwin,2022,27,CIN,1,11,0,WR,IrwiTr00
Andy Isabella,2022,26,ARIBAL,1,1,0,WR,IsabAn00
Jermaine Jackson,2024,24,NOR,1,-1,0,WR,JackJe01
Jha'Quan Jackson,2024,24,TEN,1,-5,0,WR,JackJh00
Rakim Jarrett,2023,22,TAM,1,0,0,WR,JarrRa00
Justin Jefferson,2023,24,MIN,1,-12,0,WR,JeffJu00
Justin Jefferson,2024,25,MIN,1,3,0,WR,JeffJu00
Van Jefferson,2023,27,ATLLAR,1,4,0,WR,JeffVa00
Cameron Johnston,2023,31,HOU,1,-23,0,P,JohnCa02
Marcus Jones,2024,26,NWE,1,5,0,CB,JoneMa06
Travis Kelce,2024,35,KAN,1,1,0,TE,KelcTr00
Joshua Kelley,2024,27,TEN,1,2,0,RB,KellJo01
Christian Kirk,2023,27,JAX,1,6,0,WR,KirkCh01
George Kittle,2023,30,SFO,1,2,0,TE,KittGe00
Charlie Kolar,2024,25,BAL,1,2,0,TE,KolaCh00
Cooper Kupp,2023,30,LAR,1,-3,0,WR,KuppCo00
Sam LaPorta,2023,22,DET,1,4,0,TE,LaPoSa01
Dylan Laube,2024,25,LVR,1,0,0,RB,LaubDy00
Dallin Leavitt,2022,28,GNB,1,0,0,S,LeavDa00
Drake London,2024,23,ATL,1,-3,0,WR,LondDr00
Jordan Love,2022,24,GNB,1,-1,0,QB,LoveJo03
Julian Love,2024,26,SEA,1,2,0,FS,LoveJu00
Trey McBride,2024,25,ARI,1,2,1,TE,McBrTr01
Racey McMath,2022,23,TEN,1,4,0,WR,McMaRa00
John Metchie,2023,23,HOU,1,4,0,WR,MetcJo00
Scott Miller,2022,25,TAM,1,8,0,WR,MillSc01
Darnell Mooney,2022,25,CHI,1,2,0,WR,MoonDa00
David Moore,2024,29,CAR,1,0,0,WR,MoorDa03
Elijah Moore,2024,24,CLE,1,1,0,WR,MoorEl00
Nick Niemann,2023,26,LAC,1,0,0,LB,NiemNi00
Keisean Nixon,2023,26,GNB,1,11,0,CB,NixoKe00
Chigoziem Okonkwo,2024,25,TEN,1,17,0,TE,OkonCh00
Chris Oladokun,2024,27,KAN,1,5,0,QB,OladCh00
Chris Olave,2024,24,NOR,1,7,0,WR,OlavCh00
Cade Otton,2024,25,TAM,1,-4,0,TE,OttoCa00
Josh Palmer,2022,23,LAC,1,4,0,WR,PalmJo00
Josh Palmer,2023,24,LAC,1,6,0,WR,PalmJo00
Zach Pascal,2022,28,PHI,1,0,0,WR,PascZa00
Donovan Peoples-Jones,2022,23,CLE,1,2,0,WR,PeopDo00
Dell Pettus,2024,23,NWE,1,2,0,S,PettDe00
Kyle Pitts,2023,23,ATL,1,-4,0,TE,PittKy00
Ja'Lynn Polk,2024,22,NWE,1,0,0,WR,PolkJa00
Jalen Reagor,2023,24,NWE,1,17,0,WR,ReagJa00
Jalen Reeves-Maybin,2024,29,DET,1,1,0,LB,ReevJa00
Rashee Rice,2023,23,KAN,1,-3,0,WR,RiceRa01
Rashee Rice,2024,24,KAN,1,1,0,WR,RiceRa01
Demarcus Robinson,2023,29,LAR,1,23,0,WR,RobiDe01
James Robinson,2023,25,GNB,1,2,0,RB,RobiJa00
Drew Sample,2024,28,CIN,1,-4,0,TE,SampDr00
Cody Schrader,2024,25,LAR,1,3,0,RB,SchrCo00
JK Scott,2024,29,LAC,1,0,0,P,ScotJK00
Khalil Shakir,2023,23,BUF,1,10,0,WR,ShakKh00
Laviska Shenault Jr.,2024,26,LACSEA,1,1,0,WR,ShenLa00
Sterling Shepard,2023,30,NYG,1,6,0,WR,ShepSt00
Steven Sims,2023,26,HOU,1,1,0,WR,SimsSt00
Steven Sims,2024,27,HOUBAL,1,0,0,WR,SimsSt00
Ben Skowronek,2022,25,LAR,1,17,1,WR,SkowBe00
DeVonta Smith,2024,26,PHI,1,1,0,WR,SmitDe07
Ihmir Smith-Marsette,2022,23,CHIKAN,1,-1,0,WR,SmitIh00
Jonnu Smith,2022,27,NWE,1,5,0,TE,SmitJo01
Jonnu Smith,2023,28,ATL,1,0,0,TE,SmitJo01
Keith Smith,2022,30,ATL,1,2,0,WR,SmitKe03
M.J. Stewart,2022,27,HOU,1,3,0,DB,StewM.00
Ryan Stonehouse,2023,24,TEN,1,-11,0,P,StonRy00
Courtland Sutton,2022,27,DEN,1,5,0,WR,SuttCo00
Trent Taylor,2023,29,CHI,1,-2,0,WR,TaylTr02
Adam Thielen,2022,32,MIN,1,4,0,WR,ThieAd00
Adam Thielen,2023,33,CAR,1,6,0,WR,ThieAd00
Logan Thomas,2023,32,WAS,1,2,0,TE,ThomLo00
Skylar Thompson,2024,27,MIA,1,4,0,QB,ThomSk00
Tavierre Thomas,2024,28,TAM,1,-2,0,CB,ThomTa01
Cedric Tillman,2023,23,CLE,1,8,0,WR,TillCe01
Cedric Tillman,2024,24,CLE,1,-5,0,WR,TillCe01
Kyle Trask,2023,25,TAM,1,-1,0,QB,TrasKy00
Zeke Turner,2023,27,ARI,1,2,0,LB,TurnZe00
Marquez Valdes-Scantling,2022,28,KAN,1,-3,0,WR,ValdMa00
Marquez Valdes-Scantling,2024,30,BUFNOR,1,4,0,WR,ValdMa00
Tress Way,2023,33,WAS,1,0,0,P,WayxTr00
Dontayvion Wicks,2023,22,GNB,1,1,0,WR,WickDo00
Jameson Williams,2022,21,DET,1,40,0,WR,WillJa11
Jonathan Williams,2023,29,WAS,1,-2,0,RB,WillJo07
Mike Williams,2023,29,LAC,1,3,0,WR,WillMi07
Cedrick Wilson Jr.,2022,27,MIA,1,8,0,WR,WilsCe01
Michael Wilson,2024,24,ARI,1,7,0,WR,WilsMi02
Logan Woodside,2023,28,ATL,1,6,0,QB,WoodLo00
Michael Woods II,2022,22,CLE,1,-5,0,WR,WoodMi00
Robert Woods,2023,31,HOU,1,7,0,WR,WoodRo02
Olamide Zaccheaus,2024,27,WAS,1,8,0,WR,ZaccOl01
Ty Zentner,2023,25,HOUTEN,1,0,0,K,ZentTy00