Player,Season,Age,Team,Tgt,Rec,RecYds,RecTD,Pos,ID
Justin Jefferson,2022,23,MIN,184,128,1809,8,WR,JeffJu00
CeeDee Lamb,2023,24,DAL,181,135,1749,12,WR,LambCe00
Davante Adams,2022,30,LVR,180,100,1516,14,WR,AdamDa01
Davante Adams,2023,31,LVR,175,103,1144,8,WR,AdamDa01
Ja'Marr Chase,2024,24,CIN,175,127,1708,17,WR,ChasJa00
Tyreek Hill,2023,29,MIA,171,119,1799,13,WR,HillTy00
Tyreek Hill,2022,28,MIA,170,119,1710,7,WR,HillTy00
Malik Nabers,2024,21,NYG,170,109,1204,7,WR,NabeMa00
Garrett Wilson,2023,23,NYJ,168,95,1042,3,WR,WilsGa00
Amon-Ra St. Brown,2023,24,DET,164,119,1515,10,WR,StxxAm00
Stefon Diggs,2023,30,BUF,160,107,1183,8,WR,DiggSt00
Puka Nacua,2023,22,LAR,160,105,1486,6,WR,NacuPu00
A.J. Brown,2023,26,PHI,158,106,1456,7,WR,BrowAJ00
Drake London,2024,23,ATL,158,100,1271,9,WR,LondDr00
CeeDee Lamb,2022,23,DAL,156,107,1359,9,WR,LambCe00
Michael Pittman Jr.,2023,26,IND,156,109,1152,4,WR,PittMi01
Stefon Diggs,2022,29,BUF,154,108,1429,11,WR,DiggSt00
Justin Jefferson,2024,25,MIN,154,103,1533,10,WR,JeffJu00
Garrett Wilson,2024,24,NYJ,154,101,1104,7,WR,WilsGa00
Brock Bowers,2024,22,LVR,153,112,1194,5,TE,BoweBr01
Travis Kelce,2022,33,KAN,152,110,1338,12,TE,KelcTr00
CeeDee Lamb,2024,25,DAL,152,101,1194,6,WR,LambCe00
Keenan Allen,2023,31,LAC,150,108,1243,7,WR,AlleKe00
Diontae Johnson,2022,26,PIT,147,86,882,0,WR,JohnDi01
Trey McBride,2024,25,ARI,147,111,1146,2,TE,McBrTr01
Garrett Wilson,2022,22,NYJ,147,83,1103,4,WR,WilsGa00
Amon-Ra St. Brown,2022,23,DET,146,106,1161,6,WR,StxxAm00
A.J. Brown,2022,25,PHI,145,88,1496,11,WR,BrowAJ00
Ja'Marr Chase,2023,23,CIN,145,100,1216,7,WR,ChasJa00
Jerry Jeudy,2024,25,CLE,145,90,1229,4,WR,JeudJe00
Evan Engram,2023,29,JAX,143,114,963,4,TE,EngrEv00
Chris Godwin,2022,26,TAM,142,104,1023,3,WR,GodwCh00
Davante Adams,2024,32,NYJLVR,141,85,1063,8,WR,AdamDa01
D.K. Metcalf,2022,25,SEA,141,90,1048,6,WR,MetcDK00
Michael Pittman Jr.,2022,25,IND,141,99,925,4,WR,PittMi01
Amon-Ra St. Brown,2024,25,DET,141,115,1263,12,WR,StxxAm00
D.J. Moore,2024,27,CHI,140,98,966,6,WR,MoorD.00
Wan'Dale Robinson,2024,23,NYG,140,93,699,3,WR,RobiWa01
Chris Olave,2023,23,NOR,138,87,1123,5,WR,OlavCh00
DeAndre Hopkins,2023,31,TEN,137,75,1057,7,WR,HopkDe00
Jaxon Smith-Njigba,2024,22,SEA,137,100,1130,6,WR,SmitJa06
Adam Thielen,2023,33,CAR,137,103,1014,4,WR,ThieAd00
Mike Evans,2023,30,TAM,136,79,1255,13,WR,EvanMi00
D.J. Moore,2023,26,CHI,136,96,1364,8,WR,MoorD.00
Calvin Ridley,2023,29,JAX,136,76,1016,8,WR,RidlCa00
DeVonta Smith,2022,24,PHI,136,95,1196,7,WR,SmitDe07
Courtland Sutton,2024,29,DEN,135,81,1081,8,WR,SuttCo00
Ja'Marr Chase,2022,22,CIN,134,87,1046,9,WR,ChasJa00
Travis Kelce,2024,35,KAN,133,97,823,3,TE,KelcTr00
Christian Kirk,2022,26,JAX,133,84,1108,8,WR,KirkCh01
Brian Thomas,2024,22,JAX,133,87,1282,10,WR,ThomBr06
Amari Cooper,2022,28,CLE,132,78,1160,9,WR,CoopAm00
Terry McLaurin,2023,28,WAS,132,79,1002,4,WR,McLaTe00
Chris Godwin,2023,27,TAM,130,83,1024,2,WR,GodwCh00
T.J. Hockenson,2022,25,DETMIN,129,86,914,6,TE,HockTJ00
Jakobi Meyers,2024,28,LVR,129,87,1027,4,WR,MeyeJa01
Amari Cooper,2023,29,CLE,128,72,1250,5,WR,CoopAm00
Austin Ekeler,2022,27,LAC,127,107,722,5,RB,EkelAu00
Mike Evans,2022,29,TAM,127,77,1124,6,WR,EvanMi00
T.J. Hockenson,2023,26,MIN,127,95,960,5,TE,HockTJ00
Tyreek Hill,2024,30,MIA,123,81,959,6,WR,HillTy00
David Njoku,2023,27,CLE,123,81,882,6,TE,NjokDa00
Tyler Lockett,2023,31,SEA,122,79,894,5,WR,LockTy00
Keenan Allen,2024,32,CHI,121,70,744,7,WR,AlleKe00
Zay Jones,2022,27,JAX,121,82,823,5,WR,JoneZa00
Travis Kelce,2023,34,KAN,121,93,984,5,TE,KelcTr00
Sam LaPorta,2023,22,DET,120,86,889,10,TE,LaPoSa01
Terry McLaurin,2022,27,WAS,120,77,1191,5,WR,McLaTe00
Calvin Ridley,2024,30,TEN,120,64,1017,4,WR,RidlCa00
D.K. Metcalf,2023,26,SEA,119,66,1114,8,WR,MetcDK00
Chris Olave,2022,22,NOR,119,72,1042,4,WR,OlavCh00
D.J. Moore,2022,25,CAR,118,63,888,7,WR,MoorD.00
Tyler Lockett,2022,30,SEA,117,84,1033,9,WR,LockTy00
Drake London,2022,21,ATL,117,72,866,4,WR,LondDr00
Terry McLaurin,2024,29,WAS,117,82,1096,13,WR,McLaTe00
Jaylen Waddle,2022,24,MIA,117,75,1356,8,WR,WaddJa00
Zay Flowers,2024,24,BAL,116,74,1059,4,WR,FlowZa00
Marvin Harrison Jr.,2024,22,ARI,116,62,885,8,WR,HarrMa09
Brandon Aiyuk,2022,24,SFO,114,78,1015,8,WR,AiyuBr00
Mark Andrews,2022,27,BAL,113,73,847,5,TE,AndrMa00
Jauan Jennings,2024,27,SFO,113,77,975,6,WR,JennJa00
Ladd McConkey,2024,23,LAC,112,82,1149,7,WR,McCoLa00
DeVonta Smith,2023,25,PHI,112,81,1066,7,WR,SmitDe07
Michael Pittman Jr.,2024,27,IND,111,69,808,3,WR,PittMi01
Jonnu Smith,2024,29,MIA,111,88,884,8,TE,SmitJo01
Mike Evans,2024,31,TAM,110,74,1004,11,WR,EvanMi00
Drake London,2023,22,ATL,110,69,905,2,WR,LondDr00
Nico Collins,2023,24,HOU,109,80,1297,8,WR,CollNi00
Tee Higgins,2022,23,CIN,109,74,1029,7,WR,HiggTe00
Tee Higgins,2024,25,CIN,109,73,911,10,WR,HiggTe00
Courtland Sutton,2022,27,DEN,109,64,829,2,WR,SuttCo00
Jordan Addison,2023,21,MIN,108,70,911,10,WR,AddiJo00
Zay Flowers,2023,23,BAL,108,77,858,5,WR,FlowZa00
Tyler Higbee,2022,29,LAR,108,72,620,3,TE,HigbTy00
Christian McCaffrey,2022,26,CARSFO,108,85,741,5,RB,McCaCh01
D.K. Metcalf,2024,27,SEA,108,66,992,5,WR,MetcDK00
Marquise Brown,2022,25,ARI,107,67,709,3,WR,BrowMa04
Josh Downs,2024,23,IND,107,72,803,5,WR,DownJo00
Josh Palmer,2022,23,LAC,107,72,769,3,WR,PalmJo00
Adam Thielen,2022,32,MIN,107,70,716,6,WR,ThieAd00
Trey McBride,2023,24,ARI,106,81,825,3,TE,McBrTr01
Jakobi Meyers,2023,27,LVR,106,71,807,8,WR,MeyeJa01
Darnell Mooney,2024,27,ATL,106,64,992,5,WR,MoonDa00
Puka Nacua,2024,23,LAR,106,79,990,3,WR,NacuPu00
George Pickens,2023,22,PIT,106,63,1140,5,WR,PickGe00
Brandon Aiyuk,2023,25,SFO,105,75,1342,7,WR,AiyuBr00
Elijah Moore,2023,23,CLE,104,59,640,2,WR,MoorEl00
Jaylen Waddle,2023,25,MIA,104,72,1014,4,WR,WaddJa00
George Pickens,2024,23,PIT,103,59,900,3,WR,PickGe00
Jake Ferguson,2023,24,DAL,102,71,761,5,TE,FergJa00
Elijah Moore,2024,24,CLE,102,61,538,1,WR,MoorEl00
Rashee Rice,2023,23,KAN,102,79,938,7,WR,RiceRa01
Marquise Brown,2023,26,ARI,101,51,574,4,WR,BrowMa04
Rome Odunze,2024,22,CHI,101,54,734,3,WR,OdunRo00
JuJu Smith-Schuster,2022,26,KAN,101,78,933,3,WR,SmitJu00
Justin Jefferson,2023,24,MIN,100,68,1074,5,WR,JeffJu00
Jerry Jeudy,2022,23,DEN,100,67,972,6,WR,JeudJe00
Cooper Kupp,2024,31,LAR,100,67,710,6,WR,KuppCo00
Allen Lazard,2022,27,GNB,100,60,788,6,WR,LazaAl00
Khalil Shakir,2024,24,BUF,100,76,821,4,WR,ShakKh00
Jordan Addison,2024,22,MIN,99,63,875,9,WR,AddiJo00
Nico Collins,2024,25,HOU,99,68,1006,7,WR,CollNi00
Tyler Boyd,2023,29,CIN,98,67,667,2,WR,BoydTy00
Josh Downs,2023,22,IND,98,68,771,2,WR,DownJo00
Evan Engram,2022,28,JAX,98,73,766,4,TE,EngrEv00
Pat Freiermuth,2022,24,PIT,98,63,732,2,TE,FreiPa00
Cooper Kupp,2022,29,LAR,98,75,812,6,WR,KuppCo00
Xavier Worthy,2024,21,KAN,98,59,638,6,WR,WortXa00
A.J. Brown,2024,27,PHI,97,67,1079,7,WR,BrowAJ00
Hunter Henry,2024,30,NWE,97,66,674,2,TE,HenrHu00
David Njoku,2024,28,CLE,97,64,505,5,TE,NjokDa00
Romeo Doubs,2023,23,GNB,96,59,674,8,WR,DoubRo00
DeAndre Hopkins,2022,30,ARI,96,64,717,3,WR,HopkDe00
Jakobi Meyers,2022,26,NWE,96,67,804,6,WR,MeyeJa01
Donovan Peoples-Jones,2022,23,CLE,96,61,839,3,WR,PeopDo00
Breece Hall,2023,22,NYJ,95,76,591,4,RB,HallBr03
Cooper Kupp,2023,30,LAR,95,59,737,5,WR,KuppCo00
Mack Hollins,2022,29,LVR,94,57,690,4,WR,HollMa00
George Kittle,2024,31,SFO,94,78,1106,8,TE,KittGe00
Jayden Reed,2023,23,GNB,94,64,793,8,WR,ReedJa03
Deebo Samuel,2022,26,SFO,94,56,632,2,WR,SamuDe00
Brandin Cooks,2022,29,HOU,93,57,699,3,WR,CookBr00
Gabriel Davis,2022,23,BUF,93,48,836,7,WR,DaviGa01
Jaxon Smith-Njigba,2023,21,SEA,93,63,628,4,WR,SmitJa06
Mike Williams,2022,28,LAC,93,63,895,4,WR,WillMi07
Curtis Samuel,2022,26,WAS,92,64,656,4,WR,SamuCu00
Parris Campbell,2022,25,IND,91,63,623,3,WR,CampPa00
Zach Ertz,2024,34,WAS,91,66,654,7,TE,ErtzZa00
Quentin Johnston,2024,23,LAC,91,55,711,8,WR,JohnQu02
Dalton Kincaid,2023,24,BUF,91,73,673,2,TE,KincDa00
Curtis Samuel,2023,27,WAS,91,62,613,4,WR,SamuCu00
Jameson Williams,2024,23,DET,91,58,1001,7,WR,WillJa11
Robert Woods,2022,30,TEN,91,53,527,2,WR,WoodRo02
George Kittle,2023,30,SFO,90,65,1020,6,TE,KittGe00
Cole Kmet,2023,24,CHI,90,73,719,6,TE,KmetCo00
K.J. Osborn,2022,25,MIN,90,60,650,5,WR,OsboKJ00
Kyle Pitts,2023,23,ATL,90,53,667,3,TE,PittKy00
Courtland Sutton,2023,28,DEN,90,59,772,10,WR,SuttCo00
Keenan Allen,2022,30,LAC,89,66,752,4,WR,AlleKe00
Alvin Kamara,2024,29,NOR,89,68,543,2,RB,KamaAl00
Deebo Samuel,2023,27,SFO,89,60,892,7,WR,SamuDe00
Dalton Schultz,2022,26,DAL,89,57,577,5,TE,SchuDa00
DeVonta Smith,2024,26,PHI,89,68,833,8,WR,SmitDe07
Dalton Schultz,2023,27,HOU,88,59,635,5,TE,SchuDa00
Rhamondre Stevenson,2022,24,NWE,88,69,421,1,RB,StevRh00
De'Von Achane,2024,23,MIA,87,78,592,6,RB,AchaDe00
Tyler Conklin,2022,27,NYJ,87,58,552,3,TE,ConkTy00
Tyler Conklin,2023,28,NYJ,87,61,621,0,TE,ConkTy00
Demario Douglas,2024,24,NWE,87,66,621,3,WR,DougDe00
Gerald Everett,2022,28,LAC,87,58,555,4,TE,EverGe00
Jerry Jeudy,2023,24,DEN,87,54,758,2,WR,JeudJe00
Diontae Johnson,2023,27,PIT,87,51,717,5,WR,JohnDi01
Ray-Ray McCloud,2024,28,ATL,87,62,686,1,WR,McClRa00
Cade Otton,2024,25,TAM,87,59,600,4,TE,OttoCa00
Jake Ferguson,2024,25,DAL,86,59,494,0,TE,FergJa00
Alvin Kamara,2023,28,NOR,86,75,466,1,RB,KamaAl00
George Kittle,2022,29,SFO,86,60,765,11,TE,KittGe00
Bijan Robinson,2023,21,ATL,86,58,487,4,RB,RobiBi01
Amari Cooper,2024,30,BUFCLE,85,44,547,4,WR,CoopAm00
Christian Kirk,2023,27,JAX,85,57,787,3,WR,KirkCh01
Jonathan Mingo,2023,22,CAR,85,43,418,0,WR,MingJo00
Dalton Schultz,2024,28,HOU,85,53,532,2,TE,SchuDa00
Xavier Legette,2024,23,CAR,84,49,497,4,WR,LegeXa00
George Pickens,2022,21,PIT,84,52,801,4,WR,PickGe00
Jahan Dotson,2023,23,WAS,83,49,518,4,WR,DotsJa00
Leonard Fournette,2022,27,TAM,83,73,523,3,RB,FourLe00
Mike Gesicki,2024,29,CIN,83,65,665,2,TE,GesiMi00
Dallas Goedert,2023,28,PHI,83,59,592,3,TE,GoedDa00
Sam LaPorta,2024,23,DET,83,60,726,7,TE,LaPoSa01
Christian McCaffrey,2023,27,SFO,83,67,564,7,RB,McCaCh01
Jaylen Waddle,2024,26,MIA,83,58,744,2,WR,WaddJa00
Tyler Boyd,2022,28,CIN,82,58,762,5,WR,BoydTy00
Brandin Cooks,2023,30,DAL,81,54,657,8,WR,CookBr00
Gabriel Davis,2023,24,BUF,81,45,746,7,WR,DaviGa01
Tank Dell,2024,25,HOU,81,51,667,3,WR,DellNa00
Marvin Jones,2022,32,JAX,81,46,529,3,WR,JoneMa02
Deebo Samuel,2024,28,SFO,81,51,670,3,WR,SamuDe00
Tre Tucker,2024,23,LVR,81,47,539,3,WR,TuckTr00
Marquez Valdes-Scantling,2022,28,KAN,81,42,687,2,WR,ValdMa00
DeAndre Hopkins,2024,32,KANTEN,80,56,610,5,WR,HopkDe00
David Njoku,2022,26,CLE,80,58,628,4,TE,NjokDa00
Chase Claypool,2022,24,CHIPIT,79,46,451,1,WR,ClayCh01
Demario Douglas,2023,23,NWE,79,49,561,0,WR,DougDe00
Darius Slayton,2023,26,NYG,79,50,770,4,WR,SlayDa01
Jalen Tolbert,2024,25,DAL,79,49,610,7,WR,TolbJa00
Pat Freiermuth,2024,26,PIT,78,65,653,7,TE,FreiPa00
Alec Pierce,2022,22,IND,78,41,593,2,WR,PierAl00
Wan'Dale Robinson,2023,22,NYG,78,60,525,1,WR,RobiWa01
Logan Thomas,2023,32,WAS,78,55,496,4,TE,ThomLo00
Alvin Kamara,2022,27,NOR,77,57,490,2,RB,KamaAl00
Chigoziem Okonkwo,2023,24,TEN,77,54,528,1,TE,OkonCh00
Saquon Barkley,2022,25,NYG,76,57,338,0,RB,BarkSa00
Breece Hall,2024,23,NYJ,76,57,483,3,RB,HallBr03
Tee Higgins,2023,24,CIN,76,42,656,5,WR,HiggTe00
Dontayvion Wicks,2024,23,GNB,76,39,415,5,WR,WickDo00
Tank Dell,2023,24,HOU,75,47,709,7,WR,DellNa00
Dalton Kincaid,2024,25,BUF,75,44,448,2,TE,KincDa00
Joe Mixon,2022,26,CIN,75,60,441,2,RB,MixoJo00
K.J. Osborn,2023,26,MIN,75,48,540,3,WR,OsboKJ00
Jayden Reed,2024,24,GNB,75,55,857,6,WR,ReedJa03
Demarcus Robinson,2022,28,BAL,75,48,458,2,WR,RobiDe01
Rashid Shaheed,2023,25,NOR,75,46,719,5,WR,ShahRa00
Robert Woods,2023,31,HOU,75,40,426,1,WR,WoodRo02
Noah Brown,2022,26,DAL,74,43,555,3,WR,BrowNo00
Austin Ekeler,2023,28,LAC,74,51,436,1,RB,EkelAu00
Michael Gallup,2022,26,DAL,74,39,424,4,WR,GallMi00
Tyler Lockett,2024,32,SEA,74,49,600,2,WR,LockTy00
Chris Moore,2022,29,HOU,74,48,548,2,WR,MoorCh00
Kyle Pitts,2024,24,ATL,74,47,602,4,TE,PittKy00
Darren Waller,2023,31,NYG,74,52,552,1,TE,WallDa01
Jaylen Warren,2023,25,PIT,74,61,370,0,RB,WarrJa01
Travis Etienne,2023,24,JAX,73,58,476,1,RB,EtieTr00
Rashod Bateman,2024,25,BAL,72,45,756,9,WR,BateRa00
Tyler Conklin,2024,29,NYJ,72,51,449,4,TE,ConkTy00
Romeo Doubs,2024,24,GNB,72,46,601,4,WR,DoubRo00
Aaron Jones,2022,28,GNB,72,59,395,5,RB,JoneAa00
Bijan Robinson,2024,22,ATL,72,61,431,1,RB,RobiBi01
Jahmyr Gibbs,2023,21,DET,71,52,316,1,RB,GibbJa01
Jerick McKinnon,2022,30,KAN,71,56,512,9,RB,McKiJe00
Darius Slayton,2022,25,NYG,71,46,724,2,WR,SlayDa01
Darius Slayton,2024,27,NYG,71,39,573,2,WR,SlayDa01
Michael Wilson,2024,24,ARI,71,47,548,4,WR,WilsMi02
Gerald Everett,2023,29,LAC,70,51,411,3,TE,EverGe00
Russell Gage,2022,26,TAM,70,51,426,5,WR,GageRu00
Tyler Higbee,2023,30,LAR,70,47,495,2,TE,HigbTy00
Richie James,2022,27,NYG,70,57,569,4,WR,JameRi00
Tucker Kraft,2024,24,GNB,70,50,707,7,TE,KrafTu00
Chigoziem Okonkwo,2024,25,TEN,70,52,479,2,TE,OkonCh00
Jonnu Smith,2023,28,ATL,70,50,582,3,TE,SmitJo01
Tyjae Spears,2023,22,TEN,70,52,385,1,RB,SpeaTy00
D'Andre Swift,2022,23,DET,70,48,389,3,RB,SwifDA00
Rachaad White,2023,24,TAM,70,64,549,3,RB,WhitRa01
Javonte Williams,2024,24,DEN,70,52,346,0,RB,WillJa10
Mark Andrews,2024,29,BAL,69,55,673,11,TE,AndrMa00
Zach Ertz,2022,32,ARI,69,47,406,4,TE,ErtzZa00
Dallas Goedert,2022,27,PHI,69,55,702,3,TE,GoedDa00
Cole Kmet,2022,23,CHI,69,50,544,7,TE,KmetCo00
Alec Pierce,2024,24,IND,69,37,824,7,WR,PierAl00
Kayshon Boutte,2024,22,NWE,68,43,589,3,WR,BoutKa00
Hayden Hurst,2022,29,CIN,68,52,414,2,TE,HursHa00
Trey Palmer,2023,22,TAM,68,39,385,3,WR,PalmTr00
Tutu Atwell,2023,24,LAR,67,39,483,3,WR,AtweTu00
Romeo Doubs,2022,22,GNB,67,42,425,3,WR,DoubRo00
Diontae Johnson,2024,28,CARHOUBAL,67,33,375,3,WR,JohnDi01
Quentin Johnston,2023,22,LAC,67,38,431,2,WR,JohnQu02
Cade Otton,2023,24,TAM,67,47,455,4,TE,OttoCa00
Tony Pollard,2023,26,DAL,67,55,311,0,RB,PollTo00
Robert Tonyan,2022,28,GNB,67,53,470,2,TE,TonyRo00
DJ Chark,2023,27,CAR,66,35,525,5,WR,CharDJ00
Nico Collins,2022,23,HOU,66,37,481,2,WR,CollNi00
Juwan Johnson,2024,28,NOR,66,50,548,3,TE,JohnJu02
Christian Watson,2022,23,GNB,66,41,611,7,WR,WatsCh00
Chase Brown,2024,24,CIN,65,54,360,4,RB,BrowCh10
DeAndre Carter,2022,29,LAC,65,46,538,3,WR,CartDe02
Ezekiel Elliott,2023,28,NWE,65,51,313,2,RB,ElliEz00
Juwan Johnson,2022,26,NOR,65,42,508,7,TE,JohnJu02
Dawson Knox,2022,26,BUF,65,48,517,6,TE,KnoxDa00
Isaiah McKenzie,2022,27,BUF,65,42,423,4,WR,McKeIs00
Elijah Moore,2022,22,NYJ,65,37,446,1,WR,MoorEl00
Cade Otton,2022,23,TAM,65,42,391,2,TE,OttoCa00
Josh Palmer,2024,25,LAC,65,39,584,1,WR,PalmJo00
Alec Pierce,2023,23,IND,65,32,514,2,WR,PierAl00
Odell Beckham Jr.,2023,31,BAL,64,35,565,3,WR,BeckOd00
Corey Davis,2022,27,NYJ,64,32,536,2,WR,DaviCo03
Stefon Diggs,2024,31,HOU,64,47,496,3,WR,DiggSt00
Will Dissly,2024,28,LAC,64,50,481,2,TE,DissWi00
Greg Dortch,2022,24,ARI,64,52,467,2,WR,DortGr01
Evan Engram,2024,30,JAX,64,47,365,1,TE,EngrEv00
Noah Fant,2024,27,SEA,64,48,500,1,TE,FantNo00
Josh Jacobs,2022,24,LVR,64,53,400,0,RB,JacoJo01
Zay Jones,2023,28,JAX,64,34,321,2,WR,JoneZa00
Joe Mixon,2023,27,CIN,64,52,376,3,RB,MixoJo00
Kalif Raymond,2022,28,DET,64,47,616,0,WR,RaymKa00
Josh Reynolds,2023,28,DET,64,40,608,5,WR,ReynJo00
Demarcus Robinson,2024,30,LAR,64,31,505,7,WR,RobiDe01
Michael Thomas,2023,30,NOR,64,39,448,1,WR,ThomMi05
Olamide Zaccheaus,2024,27,WAS,64,45,506,3,WR,ZaccOl01
Noah Fant,2022,25,SEA,63,50,486,4,TE,FantNo00
Jerome Ford,2023,24,CLE,63,44,319,5,RB,FordJe00
Jahmyr Gibbs,2024,22,DET,63,52,517,4,RB,GibbJa01
Tutu Atwell,2024,25,LAR,62,42,562,0,WR,AtweTu00
Chris Godwin,2024,28,TAM,62,50,576,5,WR,GodwCh00
T.J. Hockenson,2024,27,MIN,62,41,455,0,TE,HockTJ00
Aaron Jones,2024,30,MIN,62,51,408,2,RB,JoneAa00
Rondale Moore,2023,23,ARI,62,40,352,1,WR,MoorRo02
Adam Thielen,2024,34,CAR,62,48,615,5,WR,ThieAd00
Mark Andrews,2023,28,BAL,61,45,544,6,TE,AndrMa00
Jahan Dotson,2022,22,WAS,61,35,523,7,WR,DotsJa00
Hunter Henry,2023,29,NWE,61,42,419,6,TE,HenrHu00
Andrei Iosivas,2024,25,CIN,61,36,479,6,WR,IosiAn00
Darnell Mooney,2022,25,CHI,61,40,493,2,WR,MoonDa00
Darnell Mooney,2023,26,CHI,61,31,414,1,WR,MoonDa00
Josh Palmer,2023,24,LAC,61,38,581,2,WR,PalmJo00
Ben Skowronek,2022,25,LAR,61,39,376,0,WR,SkowBe00
Logan Thomas,2022,31,WAS,61,39,323,1,TE,ThomLo00
Olamide Zaccheaus,2022,25,ATL,61,40,533,3,WR,ZaccOl01
Saquon Barkley,2023,26,NYG,60,41,280,4,RB,BarkSa00
Austin Hooper,2022,28,TEN,60,41,444,2,TE,HoopAu00
Allen Lazard,2024,29,NYJ,60,37,530,6,WR,LazaAl00
Isaiah Likely,2022,22,BAL,60,36,373,3,TE,LikeIs00
Nick Westbrook-Ikhine,2024,27,TEN,60,32,497,9,WR,WestNi00
Antonio Gibson,2023,25,WAS,59,48,389,2,RB,GibsAn00
Hunter Henry,2022,28,NWE,59,41,509,2,TE,HenrHu00
Austin Hooper,2024,30,NWE,59,45,476,3,TE,HoopAu00
Juwan Johnson,2023,27,NOR,59,37,368,4,TE,JohnJu02
Kyle Pitts,2022,22,ATL,59,28,356,2,TE,PittKy00
Josh Reynolds,2022,27,DET,59,38,479,3,WR,ReynJo00
Jordan Akins,2024,32,CLE,58,40,390,2,TE,AkinJo00
Calvin Austin III,2024,25,PIT,58,36,548,4,WR,AustCa00
James Conner,2022,27,ARI,58,46,300,1,RB,ConnJa00
Antonio Gibson,2022,24,WAS,58,46,353,2,RB,GibsAn00
Isaiah Likely,2024,24,BAL,58,42,477,6,TE,LikeIs00
Jalen McMillan,2024,23,TAM,58,37,461,8,WR,McMiJa01
Rachaad White,2022,23,TAM,58,50,290,2,RB,WhitRa01
Dontayvion Wicks,2023,22,GNB,58,39,581,4,WR,WickDo00
Javonte Williams,2023,23,DEN,58,47,228,2,RB,WillJa10
Michael Wilson,2023,23,ARI,58,38,565,3,WR,WilsMi02
Tyler Boyd,2024,30,TEN,57,39,390,0,WR,BoydTy00
Keon Coleman,2024,21,BUF,57,29,556,4,WR,ColeKe02
Michael Gallup,2023,27,DAL,57,34,418,2,WR,GallMi00
David Moore,2024,29,CAR,57,32,351,3,WR,MoorDa03
Tony Pollard,2024,27,TEN,57,41,238,0,RB,PollTo00
Rachaad White,2024,25,TAM,57,51,393,6,RB,WhitRa01
Rashod Bateman,2023,24,BAL,56,32,367,1,WR,BateRa00
Noah Brown,2024,28,WAS,56,35,453,1,WR,BrowNo00
Dalvin Cook,2022,27,MIN,56,39,295,2,RB,CookDa01
Jauan Jennings,2022,25,SFO,56,35,416,1,WR,JennJa00
Rondale Moore,2022,22,ARI,56,41,414,1,WR,MoorRo02
Samaje Perine,2023,28,DEN,56,50,455,0,RB,PeriSa00
Kendrick Bourne,2023,28,NWE,55,37,406,4,WR,BourKe00
Noah Brown,2023,27,HOU,55,33,567,2,WR,BrowNo00
James Conner,2024,29,ARI,55,47,414,1,RB,ConnJa00
Greg Dulcich,2022,22,DEN,55,33,411,2,TE,DulcGr00
Cole Kmet,2024,25,CHI,55,47,474,4,TE,KmetCo00
Adonai Mitchell,2024,22,IND,55,23,312,0,WR,MitcAd00
DeVante Parker,2023,30,NWE,55,33,394,0,WR,ParkDe01
Tony Pollard,2022,25,DAL,55,39,371,3,RB,PollTo00
Devaughn Vele,2024,27,DEN,55,41,475,3,WR,VeleDe00
Jordan Akins,2022,30,HOU,54,37,495,5,TE,AkinJo00
Treylon Burks,2022,22,TEN,54,33,444,1,WR,BurkTr00
Michael Carter,2022,23,NYJ,54,41,288,0,RB,CartMi03
Brandin Cooks,2024,31,DAL,54,26,259,3,WR,CookBr00
James Cook,2023,24,BUF,54,44,445,4,RB,CookJa01
Chuba Hubbard,2024,25,CAR,54,43,171,1,RB,HubbCh01
Josh Jacobs,2023,25,LVR,54,37,296,0,RB,JacoJo01
Foster Moreau,2022,25,LVR,54,33,420,2,TE,MoreFo00
Nelson Agholor,2022,29,NWE,53,31,362,2,WR,AghoNe00
Troy Franklin,2024,21,DEN,53,28,263,2,WR,FranTr00
Najee Harris,2022,24,PIT,53,41,229,3,RB,HarrNa00
Brenton Strange,2024,24,JAX,53,40,411,2,TE,StraBr00
Tyrone Tracy Jr.,2024,25,NYG,53,38,284,1,RB,TracTy00
Kenneth Walker III,2024,24,SEA,53,46,299,1,RB,WalkKe00
Christian Watson,2023,24,GNB,53,28,422,5,WR,WatsCh00
Christian Watson,2024,25,GNB,53,29,620,2,WR,WatsCh00
Justin Watson,2023,27,KAN,53,27,460,3,WR,WatsJu01
DJ Chark,2022,26,DET,52,30,502,3,WR,CharDJ00
Zach Charbonnet,2024,23,SEA,52,42,340,1,RB,CharZa00
Travis Etienne,2024,25,JAX,52,39,254,0,RB,EtieTr00
Mike Gesicki,2022,27,MIA,52,32,362,5,TE,GesiMi00
Dallas Goedert,2024,29,PHI,52,42,496,2,TE,GoedDa00
Bucky Irving,2024,22,TAM,52,47,392,0,RB,IrviBu00
Marvin Mims,2024,22,DEN,52,39,503,6,WR,MimsMa00
Joe Mixon,2024,28,HOU,52,36,309,1,RB,MixoJo00
Allen Robinson,2022,29,LAR,52,33,339,3,WR,RobiAl02
Devin Singletary,2022,25,BUF,52,38,280,1,RB,SingDe00
D'Andre Swift,2024,25,CHI,52,42,386,0,RB,SwifDA00
KaVontae Turpin,2024,28,DAL,52,31,420,2,WR,TurpKa00
Rex Burkhead,2022,32,HOU,51,37,204,1,RB,BurkRe00
Justice Hill,2024,27,BAL,51,42,383,3,RB,HillJu00
Samaje Perine,2022,27,CIN,51,38,287,4,RB,PeriSa00
Sterling Shepard,2024,31,TAM,51,32,334,1,WR,ShepSt00
Trent Sherfield,2022,26,MIA,51,30,417,2,WR,SherTr00
Rhamondre Stevenson,2023,25,NWE,51,38,238,0,RB,StevRh00
Parker Washington,2024,22,JAX,51,32,390,3,WR,WashPa01
Quez Watkins,2022,24,PHI,51,33,354,3,WR,WatkQu00
Randall Cobb,2022,32,GNB,50,34,417,1,WR,CobbRa00
Greg Dortch,2024,26,ARI,50,37,342,3,WR,DortGr01
Kylen Granson,2023,25,IND,50,30,368,1,TE,GranKy00
Mack Hollins,2024,31,BUF,50,31,378,5,WR,HollMa00
Tanner Hudson,2023,29,CIN,50,39,352,1,TE,HudsTa00
Hunter Renfrow,2022,27,LVR,50,36,330,2,WR,RenfHu00
Nick Westbrook-Ikhine,2022,25,TEN,50,25,397,3,WR,WestNi00
Rico Dowdle,2024,26,DAL,49,39,249,3,RB,DowdRi01
Devin Duvernay,2022,25,BAL,49,37,407,3,WR,DuveDe00
Noah Gray,2024,25,KAN,49,40,437,5,TE,GrayNo00
Allen Lazard,2023,28,NYJ,49,23,311,1,WR,LazaAl00
Isiah Pacheco,2023,24,KAN,49,44,244,2,RB,PachIs00
Colby Parkinson,2024,25,LAR,49,30,294,1,TE,ParkCo02
Allen Robinson,2023,30,PIT,49,34,280,0,WR,RobiAl02
D'Andre Swift,2023,24,PHI,49,39,214,1,RB,SwifDA00
Cedric Tillman,2024,24,CLE,49,29,339,3,WR,TillCe01
Kendrick Bourne,2022,27,NWE,48,35,434,1,WR,BourKe00
Najee Harris,2024,26,PIT,48,36,283,0,RB,HarrNa00
Isaiah Hodgins,2022,24,BUFNYG,48,37,392,4,WR,HodgIs00
Alexander Mattison,2024,26,LVR,48,36,294,1,RB,MattAl01
Kyren Williams,2023,23,LAR,48,32,206,3,RB,WillKy02
Ameer Abdullah,2024,31,LVR,47,40,261,3,RB,AbduAm00
Brandon Aiyuk,2024,26,SFO,47,25,374,0,WR,AiyuBr00
Pat Freiermuth,2023,25,PIT,47,32,308,2,TE,FreiPa00
A.J. Green,2022,34,ARI,47,24,236,2,WR,GreeA.00
Christian Kirk,2024,28,JAX,47,27,379,1,WR,KirkCh01
Terrace Marshall Jr.,2022,22,CAR,47,28,490,1,WR,MarsTe00
DeVante Parker,2022,29,NWE,47,31,539,3,WR,ParkDe01
JuJu Smith-Schuster,2023,27,NWE,47,29,260,1,WR,SmitJu00
Jaylen Warren,2024,26,PIT,47,38,310,0,RB,WarrJa01
Jalen Coker,2024,23,CAR,46,32,478,2,WR,CokeJa01
Luke Musgrave,2023,23,GNB,46,34,352,1,TE,MusgLu00
Chigoziem Okonkwo,2022,23,TEN,46,32,450,3,TE,OkonCh00
Ricky Pearsall,2024,24,SFO,46,31,400,3,WR,PearRi00
Curtis Samuel,2024,28,BUF,46,31,253,1,WR,SamuCu00
Nelson Agholor,2023,30,BAL,45,35,381,4,WR,AghoNe00
Travis Etienne,2022,23,JAX,45,35,316,0,RB,EtieTr00
Mike Gesicki,2023,28,NWE,45,29,244,2,TE,GesiMi00
Lil'Jordan Humphrey,2024,26,DEN,45,31,293,1,WR,HumpLi01
Khalil Shakir,2023,23,BUF,45,39,611,2,WR,ShakKh00
Tyquan Thornton,2022,22,NWE,45,22,247,2,WR,ThorTy00
Nick Westbrook-Ikhine,2023,26,TEN,45,28,370,3,WR,WestNi00
Robbie Chosen,2022,29,CARARI,44,20,282,1,WR,AndeRo04
Chuba Hubbard,2023,24,CAR,44,39,233,0,RB,HubbCh01
Kareem Hunt,2022,27,CLE,44,35,210,1,RB,HuntKa00
Van Jefferson,2022,26,LAR,44,24,369,3,WR,JeffVa00
Alexander Mattison,2023,25,MIN,44,30,192,3,RB,MattAl01
Chris Olave,2024,24,NOR,44,32,400,1,WR,OlavCh00
Tim Patrick,2024,31,DET,44,33,394,3,WR,PatrTi00
Brandon Powell,2023,28,MIN,44,29,324,1,WR,PoweBr00
Kalif Raymond,2023,29,DET,44,35,489,1,WR,RaymKa00
Cedric Tillman,2023,23,CLE,44,21,224,0,WR,TillCe01
Marquez Valdes-Scantling,2024,30,BUFNOR,44,19,411,4,WR,ValdMa00
Saquon Barkley,2024,27,PHI,43,33,278,2,RB,BarkSa00
AJ Dillon,2022,24,GNB,43,28,206,0,RB,DillAJ00
Zach Ertz,2023,33,ARI,43,27,187,1,TE,ErtzZa00
Noah Fant,2023,26,SEA,43,32,414,0,TE,FantNo00
Jerome Ford,2024,25,CLE,43,37,225,0,RB,FordJe00
Josh Jacobs,2024,26,GNB,43,36,342,1,RB,JacoJo01
Van Jefferson,2023,27,ATLLAR,43,20,209,0,WR,JeffVa00
Theo Johnson,2024,23,NYG,43,29,331,1,TE,JohnTh00
Aaron Jones,2023,29,GNB,43,30,233,1,RB,JoneAa00
Julio Jones,2022,33,TAM,43,24,299,2,WR,JoneJu02
Foster Moreau,2024,27,NOR,43,32,413,5,TE,MoreFo00
Brian Robinson Jr.,2023,24,WAS,43,36,368,4,RB,RobiBr01
Ja'Tavion Sanders,2024,21,CAR,43,33,342,1,TE,SandJa01
Durham Smythe,2023,28,MIA,43,35,366,0,TE,SmytDu00
Darren Waller,2022,30,LVR,43,28,388,3,TE,WallDa01
Harrison Bryant,2022,24,CLE,42,31,239,1,TE,BryaHa00
Gabriel Davis,2024,25,JAX,42,20,239,2,WR,DaviGa01
Marquise Goodwin,2022,32,SEA,42,27,387,4,WR,GoodMa00
Jonathan Mingo,2024,23,CARDAL,42,17,167,0,WR,MingJo00
Raheem Mostert,2022,30,MIA,42,31,202,2,RB,MostRa00
Jalen Nailor,2024,25,MIN,42,28,414,6,WR,NailJa00
Marquez Valdes-Scantling,2023,29,KAN,42,21,315,1,WR,ValdMa00
Jameson Williams,2023,22,DET,42,24,354,2,WR,WillJa11
Greg Dortch,2023,25,ARI,41,24,280,2,WR,DortGr01
Austin Ekeler,2024,29,WAS,41,35,366,0,RB,EkelAu00
Noah Gray,2023,24,KAN,41,28,305,2,TE,GrayNo00
Derrick Henry,2022,28,TEN,41,33,398,0,RB,HenrDe00
Tyler Johnson,2024,26,LAR,41,26,291,1,WR,JohnTy00
Donald Parham,2023,26,LAC,41,27,285,4,TE,ParhDo00
Dante Pettis,2022,27,CHI,41,19,245,3,WR,PettDa00
Miles Sanders,2023,26,CAR,41,27,154,0,RB,SandMi01
Rashid Shaheed,2024,26,NOR,41,20,349,3,WR,ShahRa00
Shi Smith,2022,24,CAR,41,22,296,2,WR,SmitSh03
Rhamondre Stevenson,2024,26,NWE,41,33,168,1,RB,StevRh00
Dyami Brown,2024,25,WAS,40,30,308,1,WR,BrowDy00
Zach Charbonnet,2023,22,SEA,40,33,209,0,RB,CharZa00
Phillip Dorsett,2022,29,HOU,40,20,257,1,WR,DorsPh00
Kylen Granson,2022,24,IND,40,31,302,0,TE,GranKy00
Taysom Hill,2023,33,NOR,40,33,291,2,TE/QB,HillTa00
Jalin Hyatt,2023,22,NYG,40,23,373,0,WR,HyatJa00
Van Jefferson,2024,28,PIT,40,24,276,2,WR,JeffVa00
Roschon Johnson,2023,22,CHI,40,34,209,0,RB,JohnRo07
Tucker Kraft,2023,23,GNB,40,31,355,2,TE,KrafTu00
Isaiah Likely,2023,23,BAL,40,30,411,5,TE,LikeIs00
Michael Mayer,2023,22,LVR,40,27,304,2,TE,MayeMi00
J.D. McKissic,2022,29,WAS,40,27,173,0,RB,McKiJ.00
Scott Miller,2022,25,TAM,40,23,185,0,WR,MillSc01
David Montgomery,2022,25,CHI,40,34,316,1,RB,MontDa01
Jonathan Taylor,2022,23,IND,40,28,143,0,RB,TaylJo02
Kyren Williams,2024,24,LAR,40,34,182,2,RB,WillKy02
Jelani Woods,2022,24,IND,40,25,312,3,TE,WoodJe01
Justice Hill,2023,26,BAL,39,28,206,1,RB,HillJu00
Jarvis Landry,2022,30,NOR,39,25,272,1,WR,LandJa00
Trey McBride,2022,23,ARI,39,29,265,1,TE,McBrTr01
Dameon Pierce,2022,22,HOU,39,30,165,1,RB,PierDa01
Demarcus Robinson,2023,29,LAR,39,26,371,4,WR,RobiDe01
AJ Barner,2024,22,SEA,38,30,245,4,TE,BarnAJ00
Kendrick Bourne,2024,29,NWE,38,28,305,1,WR,BourKe00
Cameron Brate,2022,31,TAM,38,20,174,0,TE,BratCa00
James Cook,2024,25,BUF,38,32,258,2,RB,CookJa01
Will Dissly,2022,26,SEA,38,34,349,3,TE,DissWi00
J.K. Dobbins,2024,26,LAC,38,32,153,0,RB,DobbJK00
Xavier Gipson,2023,22,NYJ,38,21,229,0,WR,GipsXa00
Najee Harris,2023,25,PIT,38,29,170,0,RB,HarrNa00
David Montgomery,2024,27,DET,38,36,341,0,RB,MontDa01
Skyy Moore,2023,23,KAN,38,21,244,1,WR,MoorSk01
Devin Singletary,2023,26,HOU,38,30,193,0,RB,SingDe00
Jonnu Smith,2022,27,NWE,38,27,245,0,TE,SmitJo01
Equanimeous St. Brown,2022,26,CHI,38,21,323,1,WR,St.BEq00
Kadarius Toney,2023,24,KAN,38,27,169,1,WR,ToneKa00
Cedrick Wilson Jr.,2023,28,MIA,38,22,296,3,WR,WilsCe01
De'Von Achane,2023,22,MIA,37,27,197,3,RB,AchaDe00
Nick Chubb,2022,27,CLE,37,27,239,1,RB,ChubNi00
Kenneth Gainwell,2023,24,PHI,37,30,183,0,RB,GainKe00
Nyheim Hines,2022,26,BUFIND,37,30,241,1,RB,HineNy00
John Metchie,2024,24,HOU,37,24,254,1,WR,MetcJo00
Zack Moss,2023,26,IND,37,27,192,2,RB,MossZa00
Hunter Renfrow,2023,28,LVR,37,25,255,0,WR,RenfHu00
Kenneth Walker III,2023,23,SEA,37,29,259,1,RB,WalkKe00
Josh Whyle,2024,25,TEN,37,28,248,1,TE,WhylJo01
Jeff Wilson,2022,27,MIASFO,37,22,185,1,RB,WilsJe01
Derrick Henry,2023,29,TEN,36,28,214,0,RB,HenrDe00
Dawson Knox,2023,27,BUF,36,22,186,2,TE,KnoxDa00
Jaleel McLaughlin,2023,23,DEN,36,31,160,2,RB,McLaJa00
Luke Schoonmaker,2024,26,DAL,36,27,241,1,TE,SchoLu00
Irv Smith Jr.,2022,24,MIN,36,25,182,2,TE,SmitIr01
Jalen Tolbert,2023,24,DAL,36,22,268,2,WR,TolbJa00
Malik Washington,2024,23,MIA,36,26,223,0,WR,WashMa00
Tutu Atwell,2022,23,LAR,35,18,298,1,WR,AtweTu00
Daniel Bellinger,2022,22,NYG,35,30,268,2,TE,BellDa00
David Bell,2022,22,CLE,35,24,214,0,WR,BellDa02
Chris Moore,2023,30,TEN,35,22,424,0,WR,MoorCh00
Latavius Murray,2022,32,DENNOR,35,27,132,0,RB,MurrLa00
Samaje Perine,2024,29,KAN,35,28,322,1,RB,PeriSa00
Tyjae Spears,2024,23,TEN,35,30,224,1,RB,SpeaTy00
Adam Trautman,2023,26,DEN,35,22,204,3,TE,TrauAd00
Kenneth Walker III,2022,22,SEA,35,27,165,0,RB,WalkKe00
Eno Benjamin,2022,23,ARIHOUNOR,34,25,193,0,RB,BenjEn00
Noah Gray,2022,23,KAN,34,28,299,1,TE,GrayNo00
Mecole Hardman,2022,24,KAN,34,25,297,4,WR,HardMe00
Connor Heyward,2023,24,PIT,34,23,167,0,TE,HeywCo00
Deon Jackson,2022,23,IND,34,30,209,1,RB,JackDe02
Colby Parkinson,2022,23,SEA,34,25,322,2,TE,ParkCo02
Colby Parkinson,2023,24,SEA,34,25,247,2,TE,ParkCo02
Rashid Shaheed,2022,24,NOR,34,28,488,2,WR,ShahRa00
Tre Tucker,2023,22,LVR,34,19,331,2,WR,TuckTr00
Justin Watson,2022,26,KAN,34,15,315,2,WR,WatsJu01
Mike Williams,2024,30,NYJPIT,34,21,298,1,WR,WillMi07
Braxton Berrios,2023,28,MIA,33,27,238,1,WR,BerrBr00
James Conner,2023,28,ARI,33,27,165,2,RB,ConnJa00
Jahan Dotson,2024,24,PHI,33,19,216,0,WR,DotsJa00
Kendall Hinton,2022,25,DEN,33,24,311,0,WR,HintKe00
Isaiah Hodgins,2023,25,NYG,33,21,230,3,WR,HodgIs00
Jauan Jennings,2023,26,SFO,33,19,265,1,WR,JennJa00
Dawson Knox,2024,28,BUF,33,22,311,1,TE,KnoxDa00
Terrace Marshall Jr.,2023,23,CAR,33,19,139,0,WR,MarsTe00
Marvin Mims,2023,21,DEN,33,22,377,1,WR,MimsMa00
Skyy Moore,2022,22,KAN,33,22,250,0,WR,MoorSk01
Ja'Lynn Polk,2024,22,NWE,33,12,87,2,WR,PolkJa00
Jaylen Warren,2022,24,PIT,33,28,214,0,RB,WarrJa01
Ameer Abdullah,2022,29,LVR,32,25,211,1,RB,AbduAm00
Braxton Berrios,2022,27,NYJ,32,18,145,0,WR,BerrBr00
Marquez Callaway,2022,24,NOR,32,16,158,1,WR,CallMa01
James Cook,2022,23,BUF,32,21,180,1,RB,CookJa01
Melvin Gordon,2022,29,DEN,32,25,223,0,RB,GordMe00
Kareem Hunt,2024,29,KAN,32,23,176,0,RB,HuntKa00
Hayden Hurst,2023,30,CAR,32,18,184,1,TE,HursHa00
Trenton Irwin,2023,28,CIN,32,25,316,1,WR,IrwiTr00
Michael Mayer,2024,23,LVR,32,21,156,0,TE,MayeMi00
Jerick McKinnon,2023,31,KAN,32,25,192,4,RB,McKiJe00
Raheem Mostert,2023,31,MIA,32,25,175,3,RB,MostRa00
Brandon Powell,2022,27,LAR,32,24,156,0,WR,PoweBr00
Tyler Scott,2023,22,CHI,32,17,168,0,WR,ScotTy00
Laviska Shenault Jr.,2022,24,CAR,32,27,272,1,WR,ShenLa00
Tommy Tremble,2022,22,CAR,32,19,174,3,TE,TremTo00
Tommy Tremble,2023,23,CAR,32,23,194,3,TE,TremTo00
Tommy Tremble,2024,24,CAR,32,23,234,2,TE,TremTo00
Justin Watson,2024,28,KAN,32,22,289,2,WR,WatsJu01
Michael Carter,2023,24,ARINYJ,31,24,101,1,RB,CartMi03
Kylen Granson,2024,26,IND,31,14,182,0,TE,GranKy00
Breece Hall,2022,21,NYJ,31,19,218,1,RB,HallBr03
Khalil Herbert,2023,25,CHI,31,20,134,1,RB,HerbKh00
Taysom Hill,2024,34,NOR,31,23,187,0,TE,HillTa00
Austin Hooper,2023,29,LVR,31,25,234,0,TE,HoopAu00
Kyle Juszczyk,2024,33,SFO,31,19,200,2,FB,JuszKy00
Cordarrelle Patterson,2022,31,ATL,31,21,122,0,RB,PattCo00
Wan'Dale Robinson,2022,21,NYG,31,23,227,1,WR,RobiWa01
Jonathan Taylor,2024,25,IND,31,18,136,1,RB,TaylJo02
Jamal Agnew,2022,27,JAX,30,23,187,3,WR,AgneJa00
Calvin Austin III,2023,24,PIT,30,17,180,1,WR,AustCa00
Jalen Brooks,2024,24,DAL,30,12,177,1,WR,BrooJa03
Treylon Burks,2023,23,TEN,30,16,221,0,WR,BurkTr00
Grant Calcaterra,2024,26,PHI,30,24,298,1,TE,CalcGr00
Emari Demercado,2023,24,ARI,30,21,119,0,RB,DemeEm00
Mack Hollins,2023,30,ATL,30,18,251,0,WR,HollMa00
Brandon Johnson,2023,25,DEN,30,19,284,4,WR,JohnBr23
John Metchie,2023,23,HOU,30,16,158,0,WR,MetcJo00
Miles Sanders,2024,27,CAR,30,24,148,1,RB,SandMi01
Ian Thomas,2022,26,CAR,30,21,197,0,TE,ThomIa00
Robert Woods,2024,32,HOU,30,20,203,0,WR,WoodRo02
Nelson Agholor,2024,31,BAL,29,14,231,2,WR,AghoNe00
Alex Erickson,2023,31,LAC,29,16,232,1,WR,EricAl01
Kenneth Gainwell,2022,23,PHI,29,23,169,0,RB,GainKe00
Antonio Gibson,2024,26,NWE,29,23,206,0,RB,GibsAn00
Rashee Rice,2024,24,KAN,29,24,288,2,WR,RiceRa01
DJ Turner,2024,27,LVR,29,16,158,1,WR,TurnDJ00
Mo Alie-Cox,2022,29,IND,28,19,189,3,TE,AlieMo00
John Bates,2023,26,WAS,28,19,151,0,TE,BateJo00
Rashod Bateman,2022,23,BAL,28,15,285,2,WR,BateRa00
Daniel Bellinger,2023,23,NYG,28,25,255,0,TE,BellDa00
AJ Dillon,2023,25,GNB,28,22,223,0,RB,DillAJ00
Brevin Jordan,2022,22,HOU,28,14,128,0,TE,JordBr00
Dare Ogunbowale,2024,30,HOU,28,19,198,1,RB,OgunDa00
Josh Oliver,2023,26,MIN,28,22,213,2,TE,OlivJo00
Josh Oliver,2024,27,MIN,28,22,258,3,TE,OlivJo00
Dante Pettis,2024,29,NOR,28,12,120,1,WR,PettDa00
Jeremy Ruckert,2024,24,NYJ,28,18,105,0,TE,RuckJe00
Jordan Whittington,2024,24,LAR,28,22,293,0,WR,WhitJo04
Braelon Allen,2024,20,NYJ,27,19,148,1,RB,AlleBr05
Parris Campbell,2023,26,NYG,27,20,104,0,WR,CampPa00
Jaleel McLaughlin,2024,24,DEN,27,24,76,2,RB,McLaJa00
Zack Moss,2024,27,CIN,27,23,187,1,RB,MossZa00
Johnny Mundt,2024,30,MIN,27,19,142,2,TE,MundJo00
Drew Sample,2023,27,CIN,27,22,163,2,TE,SampDr00
Tre'Quan Smith,2022,26,NOR,27,19,278,1,WR,SmitTr03
C.J. Uzomah,2022,29,NYJ,27,21,232,2,TE,UzomC.00
Sammy Watkins,2022,29,GNBBAL,27,16,325,0,WR,WatkSa00
Cedrick Wilson Jr.,2024,29,NOR,27,20,211,1,WR,WilsCe01
Kenyan Drake,2022,28,BAL,26,17,89,1,RB,DrakKe00
Jamycal Hasty,2022,26,JAX,26,20,126,1,RB,HastJa02
Dontrell Hilliard,2022,27,TEN,26,21,177,4,RB,HillDo00
Xavier Hutchinson,2024,24,HOU,26,12,117,0,WR,HutcXa00
Will Mallory,2023,24,IND,26,18,207,0,TE,MallWi00
Dare Ogunbowale,2022,28,HOU,26,20,104,0,RB,OgunDa00
Miles Sanders,2022,25,PHI,26,20,78,0,RB,SandMi01
Irv Smith Jr.,2023,25,CIN,26,18,115,1,TE,SmitIr01
JuJu Smith-Schuster,2024,28,KAN,26,18,231,2,WR,SmitJu00
Mason Tipton,2024,24,NOR,26,14,99,0,WR,TiptMa00
Mike Williams,2023,29,LAC,26,19,249,1,WR,WillMi07
Jake Bobo,2023,25,SEA,25,19,196,2,WR,BoboJa00
Matt Breida,2022,27,NYG,25,20,118,0,RB,BreiMa00
Ty Chandler,2023,25,MIN,25,21,159,0,RB,ChanTy01
Andrei Iosivas,2023,24,CIN,25,15,116,4,WR,IosiAn00
Ty Johnson,2024,27,BUF,25,18,284,3,RB,JohnTy02
Joshua Kelley,2022,25,LAC,25,14,101,0,RB,KellJo01
Ray-Ray McCloud,2022,26,SFO,25,14,243,1,WR,McClRa00
Denzel Mims,2022,25,NYJ,25,11,186,0,WR,MimsDe00
Foster Moreau,2023,26,NOR,25,21,193,1,TE,MoreFo00
Josh Oliver,2022,25,BAL,25,14,149,2,TE,OlivJo00
Donovan Peoples-Jones,2023,24,CLEDET,25,13,155,0,WR,PeopDo00
Brian Robinson Jr.,2024,25,WAS,25,20,159,0,RB,RobiBr01
Amari Rodgers,2022,23,GNBHOU,25,16,204,1,WR,RodgAm00
Deven Thompkins,2023,24,TAM,25,17,83,1,WR,ThomDe07
Darnell Washington,2024,23,PIT,25,19,200,1,TE,WashDa03
Ameer Abdullah,2023,30,LVR,24,19,131,0,RB,AbduAm00
Chase Edmonds,2022,26,DENMIA,24,16,157,1,RB,EdmoCh00
Mecole Hardman,2023,25,KANNYJ,24,15,124,0,WR,HardMe00
Malik Heath,2023,23,GNB,24,15,125,1,WR,HeatMa00
Elijah Higgins,2024,24,ARI,24,20,172,2,TE,HiggEl00
Ty Johnson,2022,25,NYJ,24,12,88,0,RB,JohnTy02
Luke McCaffrey,2024,23,WAS,24,18,168,0,WR,McCaLu00
Bo Melton,2023,24,GNB,24,16,218,1,WR,MeltBo00
David Montgomery,2023,26,DET,24,16,117,0,RB,MontDa01
Josh Reynolds,2024,29,DENJAX,24,13,194,1,WR,ReynJo00
Eric Saubert,2022,28,DEN,24,15,148,1,TE,SaubEr00
Sterling Shepard,2022,29,NYG,24,13,154,1,WR,ShepSt00
Devin Singletary,2024,27,NYG,24,21,119,0,RB,SingDe00
Stephen Sullivan,2023,27,CAR,24,12,125,0,TE,SullSt00
Brock Wright,2022,24,DET,24,18,216,4,TE,WrigBr01
Salvon Ahmed,2023,25,MIA,23,16,88,1,RB,AhmeSa01
Jordan Akins,2023,31,CLE,23,15,132,0,TE,AkinJo00
Tyler Allgeier,2023,23,ATL,23,18,193,1,RB,AllgTy00
David Bell,2023,23,CLE,23,14,167,3,WR,BellDa02
Dyami Brown,2023,24,WAS,23,12,168,1,WR,BrowDy00
Damiere Byrd,2022,29,ATL,23,13,268,2,WR,ByrdDa00
Clyde Edwards-Helaire,2022,23,KAN,23,17,151,3,RB,EdwaCl00
Ezekiel Elliott,2022,27,DAL,23,17,92,0,RB,ElliEz00
Zach Gentry,2022,26,PIT,23,19,132,0,TE,GentZa00
Damien Harris,2022,25,NWE,23,17,97,0,RB,HarrDa06
KhaDarel Hodge,2023,28,ATL,23,14,232,0,WR,HodgKh00
O.J. Howard,2022,28,HOU,23,10,145,2,TE,HowaO.00
Tanner Hudson,2024,30,CIN,23,19,154,1,TE,HudsTa00
Alec Ingold,2022,26,MIA,23,15,105,1,FB,IngoAl01
Trenton Irwin,2022,27,CIN,23,15,231,4,WR,IrwiTr00
Kyle Juszczyk,2022,31,SFO,23,19,200,1,FB,JuszKy00
Lucas Krull,2024,26,DEN,23,19,152,0,TE,KrulLu00
Raheem Mostert,2024,32,MIA,23,19,161,0,RB,MostRa00
Johnny Mundt,2023,29,MIN,23,17,172,1,TE,MundJo00
Jalen Reagor,2023,24,NWE,23,7,138,0,WR,ReagJa00
Steven Sims,2022,25,PIT,23,14,104,0,WR,SimsSt00
Jonathan Taylor,2023,24,IND,23,19,153,1,RB,TaylJo02
Tyquan Thornton,2023,23,NWE,23,13,91,0,WR,ThorTy00
Mo Alie-Cox,2023,30,IND,22,13,161,3,TE,AlieMo00
Mo Alie-Cox,2024,31,IND,22,12,147,1,TE,AlieMo00
Erick All,2024,24,CIN,22,20,158,0,TE,AllxEr00
Kevin Austin,2024,24,NOR,22,11,151,0,WR,AustKe00
John Bates,2022,25,WAS,22,14,108,1,TE,BateJo00
Will Dissly,2023,27,SEA,22,17,172,1,TE,DissWi00
Rico Dowdle,2023,25,DAL,22,17,144,2,RB,DowdRi01
Ashton Dulin,2022,25,IND,22,15,207,1,WR,DuliAs00
Clyde Edwards-Helaire,2023,24,KAN,22,17,188,1,RB,EdwaCl00
Jake Ferguson,2022,23,DAL,22,19,174,2,TE,FergJa00
Kenneth Gainwell,2024,25,PHI,22,16,116,0,RB,GainKe00
Darrell Henderson,2022,25,LAR,22,17,102,0,RB,HendDa00
Derrick Henry,2024,30,BAL,22,19,193,2,RB,HenrDe00
Marcus Johnson,2022,28,NYG,22,9,99,0,WR,JohnMa07
Latavius Murray,2023,33,BUF,22,17,119,0,RB,MurrLa00
Trey Palmer,2024,23,TAM,22,12,172,1,WR,PalmTr00
Kyle Philips,2023,24,TEN,22,15,181,0,WR,PhilKy01
Byron Pringle,2023,30,WAS,22,14,161,0,WR,PrinBy00
Kalif Raymond,2024,30,DET,22,17,215,2,WR,RaymKa00
Jeremy Ruckert,2023,23,NYJ,22,16,151,0,TE,RuckJe00
Drew Sample,2024,28,CIN,22,20,109,1,TE,SampDr00
Sterling Shepard,2023,30,NYG,22,10,57,1,WR,ShepSt00
Trent Sherfield,2023,27,BUF,22,11,86,1,WR,SherTr00
Cade Stover,2024,24,HOU,22,15,133,1,TE,StovCa00
Pierre Strong,2024,26,CLE,22,14,104,0,RB,StroPi00
Michael Thomas,2022,29,NOR,22,16,171,3,WR,ThomMi05
Adam Trautman,2022,25,NOR,22,18,207,1,TE,TrauAd00
Adam Trautman,2024,27,DEN,22,13,188,2,TE,TrauAd00
Javonte Williams,2022,22,DEN,22,16,76,0,RB,WillJa10
Jamal Agnew,2023,28,JAX,21,14,225,1,WR,AgneJa00
Michael Bandy,2022,25,LAC,21,10,89,0,WR,BandMi00
Matt Breida,2023,28,NYG,21,17,88,0,RB,BreiMa00
Chase Claypool,2023,25,CHIMIA,21,8,77,1,WR,ClayCh01
Keelan Cole,2022,29,LVR,21,10,141,1,WR,ColeKe00
Jalen Guyton,2023,26,LAC,21,10,89,1,WR,GuytJa01
Deonte Harty,2023,26,BUF,21,15,150,1,WR,HarrDe07
Kareem Hunt,2023,28,CLE,21,15,84,0,RB,HuntKa00
Brevin Jordan,2023,23,HOU,21,17,219,2,TE,JordBr00
Johnny Mundt,2022,28,MIN,21,19,140,1,TE,MundJo00
Andrew Ogletree,2023,25,IND,21,9,147,2,TE,OgleAn00
MyCole Pruitt,2022,30,ATL,21,16,150,4,TE,PruiMy00
Stone Smartt,2023,25,LAC,21,11,155,1,TE,SmarSt00
Parker Washington,2023,21,JAX,21,16,132,2,WR,WashPa01
Quez Watkins,2023,25,PHI,21,15,142,1,WR,WatkQu00
Pharaoh Brown,2022,28,CLEHOU,20,12,117,0,TE,BrowPh01
Harrison Bryant,2023,25,CLE,20,13,81,3,TE,BryaHa00
Dalvin Cook,2023,28,NYJBAL,20,15,78,0,RB,CookDa01
Jamison Crowder,2023,30,WAS,20,16,159,1,WR,CrowJa00
Emari Demercado,2024,25,ARI,20,16,104,0,RB,DemeEm00
KhaDarel Hodge,2022,27,ATL,20,13,202,1,WR,HodgKh00
Roschon Johnson,2024,23,CHI,20,16,104,0,RB,JohnRo07
Ryan Miller,2024,24,TAM,20,12,128,2,WR,MillRy01
Khalil Shakir,2022,22,BUF,20,10,161,1,WR,ShakKh00
Durham Smythe,2022,27,MIA,20,15,129,1,TE,SmytDu00
Kadarius Toney,2022,23,KANNYG,20,16,171,2,WR,ToneKa00
Nick Vannett,2024,31,TEN,20,17,135,3,TE,VannNi00
Jamaal Williams,2023,28,NOR,20,18,62,0,RB,WillJa06
Olamide Zaccheaus,2023,26,PHI,20,10,164,2,WR,ZaccOl01
Lawrence Cager,2022,25,NYGNYJ,19,13,118,1,WR,CageLa01
DeeJay Dallas,2022,24,SEA,19,17,126,0,RB,DallDe00
Ray Davis,2024,25,BUF,19,17,189,3,RB,DaviRa04
Elijah Higgins,2023,23,ARI,19,14,163,1,TE,HiggEl00
Julian Hill,2024,24,MIA,19,12,100,0,TE,HillJu02
Lil'Jordan Humphrey,2023,25,DEN,19,13,162,3,WR,HumpLi01
Xavier Hutchinson,2023,23,HOU,19,8,90,0,WR,HutcXa00
Jalin Hyatt,2024,23,NYG,19,8,62,0,WR,HyatJa00
Justin Jackson,2022,26,DET,19,12,101,1,RB,JackJu01
D'Ernest Johnson,2024,28,JAX,19,12,96,0,RB,JohnDE04
Julio Jones,2023,34,PHI,19,11,74,3,WR,JoneJu02
Christian McCaffrey,2024,28,SFO,19,15,146,0,RB,McCaCh01
Zach Pascal,2022,28,PHI,19,15,150,1,WR,PascZa00
Breshad Perriman,2022,29,TAM,19,9,110,1,WR,PerrBr02
Trey Sermon,2024,25,IND,19,16,99,0,RB,SermTr00
Stone Smartt,2024,26,LAC,19,16,208,0,TE,SmarSt00
Zamir White,2023,24,LVR,19,15,98,0,RB,WhitZa01
Cam Akers,2022,23,LAR,18,13,117,0,RB,AkerCa00
Cam Akers,2024,25,HOUMIN,18,14,68,3,RB,AkerCa00
Odell Beckham Jr.,2024,32,MIA,18,9,55,0,WR,BeckOd00
Travis Homer,2022,24,SEA,18,16,157,1,RB,HomeTr00
Mark Ingram,2022,33,NOR,18,16,68,0,RB,IngrMa01
Tim Jones,2023,25,JAX,18,11,83,0,WR,JoneTi00
Alexander Mattison,2022,24,MIN,18,15,91,1,RB,MattAl01
Tre' McKitty,2022,23,LAC,18,10,72,0,TE,McKiTr00
Jordan Mims,2024,25,NOR,18,12,71,0,RB,MimsJo00
Albert Okwuegbunam,2022,24,DEN,18,10,95,1,TE,OkwuAl00
K.J. Osborn,2024,27,NWEWAS,18,7,57,1,WR,OsboKJ00
A.T. Perry,2023,24,NOR,18,12,246,4,WR,PerrAT00
Cam Sims,2022,26,WAS,18,8,89,0,WR,SimsCa00
Samori Toure,2023,25,GNB,18,8,78,0,WR,TourSa00
KaVontae Turpin,2023,27,DAL,18,12,127,3,WR,TurpKa00
Mitchell Wilcox,2022,26,CIN,18,17,139,1,TE,WilcMi01
Cedrick Wilson Jr.,2022,27,MIA,18,12,136,0,WR,WilsCe01
Tyler Allgeier,2022,22,ATL,17,16,139,1,RB,AllgTy00
Daniel Bellinger,2024,24,NYG,17,14,125,0,TE,BellDa00
Jake Bobo,2024,26,SEA,17,13,107,1,WR,BoboJa00
Randall Cobb,2023,33,NYJ,17,5,39,1,WR,CobbRa00
Derius Davis,2023,23,LAC,17,15,66,0,WR,DaviDe02
Derius Davis,2024,24,LAC,17,13,112,2,WR,DaviDe02
Chase Edmonds,2023,27,TAM,17,14,81,0,RB,EdmoCh00
Luke Farrell,2024,27,JAX,17,12,67,0,TE,FarrLu00
Kenny Golladay,2022,29,NYG,17,6,81,1,WR,GollKe00
Connor Heyward,2022,23,PIT,17,12,151,1,TE,HeywCo00
Chuba Hubbard,2022,23,CAR,17,14,171,0,RB,HubbCh01
DeSean Jackson,2022,36,BAL,17,9,153,0,WR,JackDe00
Kyle Juszczyk,2023,32,SFO,17,14,119,2,FB,JuszKy00
Bo Melton,2024,25,GNB,17,8,91,0,WR,MeltBo00
Dameon Pierce,2023,23,HOU,17,13,101,0,RB,PierDa01
James Proche,2022,26,BAL,17,8,62,0,WR,ProcJa00
David Sills,2022,26,NYG,17,11,106,0,WR,SillDa01
Durham Smythe,2024,29,MIA,17,9,53,0,TE,SmytDu00
Patrick Taylor,2023,25,GNB,17,11,49,0,RB,TaylPa01
Robert Tonyan,2023,29,CHI,17,11,112,0,TE,TonyRo00
Jeff Wilson,2023,28,MIA,17,14,85,0,RB,WilsJe01
Michael Woods II,2024,24,CLE,17,7,65,0,WR,WoodMi00
Lynn Bowden Jr.,2023,26,NOR,16,11,83,0,WR,BowdLy00
Devin Duvernay,2024,27,JAX,16,11,79,0,WR,DuveDe00
Simi Fehoko,2024,27,LAC,16,6,106,0,WR,FehoSi00
D'Onta Foreman,2023,27,CHI,16,11,77,1,RB,ForeDO00
Isaac Guerendo,2024,24,SFO,16,15,152,0,RB,GuerIs00
Peyton Hendershot,2022,23,DAL,16,11,103,2,TE,HendPe01
Alec Ingold,2023,27,MIA,16,13,119,0,FB,IngoAl01
Hunter Luepke,2024,24,DAL,16,12,111,0,RB,LuepHu00
Scott Miller,2023,26,ATL,16,11,161,2,WR,MillSc01
Isiah Pacheco,2024,25,KAN,16,12,79,0,RB,PachIs00
Byron Pringle,2022,29,CHI,16,10,135,2,WR,PrinBy00
Geoff Swaim,2022,29,TEN,16,12,58,1,TE,SwaiGe00
Jamaal Williams,2022,27,DET,16,12,73,0,RB,WillJa06
Brock Wright,2024,26,DET,16,13,100,2,TE,WrigBr01
Nate Adkins,2024,25,DEN,15,14,115,3,TE,AdkiNa00
Mike Boone,2022,27,DEN,15,9,96,0,RB,BoonMi00
Chase Brown,2023,23,CIN,15,14,156,1,RB,BrowCh10
Marquise Brown,2024,27,KAN,15,9,91,0,WR,BrowMa04
Pharaoh Brown,2023,29,NWE,15,13,208,1,TE,BrowPh01
Josiah Deguara,2022,25,GNB,15,13,114,0,TE,DeguJo00
Ezekiel Elliott,2024,29,DAL,15,12,69,0,RB,ElliEz00
Luke Farrell,2023,26,JAX,15,13,155,0,TE,FarrLu00
Tyler Goodson,2024,24,IND,15,11,61,1,RB,GoodTy00
Tanner Hudson,2022,28,NYG,15,10,132,0,TE,HudsTa00
Tom Kennedy,2022,26,DET,15,8,141,0,WR,KennTo01
Ray-Ray McCloud,2023,27,SFO,15,12,135,0,WR,McClRa00
Bub Means,2024,23,NOR,15,9,118,1,WR,MeanBu00
Zach Pascal,2023,29,ARI,15,4,19,0,WR,PascZa00
Luke Schoonmaker,2023,25,DAL,15,8,65,2,TE,SchoLu00
Cole Turner,2023,23,WAS,15,11,120,0,TE,TurnCo00
Josh Whyle,2023,24,TEN,15,9,94,1,TE,WhylJo01
Johnny Wilson,2024,23,PHI,15,5,38,1,WR,WilsJo03
Shane Zylstra,2022,26,DET,15,11,60,4,TE,ZylsSh00
Dyami Brown,2022,23,WAS,14,5,143,2,WR,BrowDy00
Jermaine Burton,2024,23,CIN,14,4,107,0,WR,BurtJe01
DeAndre Carter,2024,31,CHI,14,9,72,0,WR,CartDe02
River Cracraft,2022,28,MIA,14,9,102,2,WR,CracRi00
Payne Durham,2024,24,TAM,14,11,115,2,TE,DurhPa00
Ryan Flournoy,2024,25,DAL,14,10,102,0,WR,FlouRy00
KJ Hamler,2022,23,DEN,14,7,165,0,WR,HamlKJ00
Mecole Hardman,2024,26,KAN,14,12,90,0,WR,HardMe00
Darrell Henderson,2023,26,LAR,14,10,103,0,RB,HendDa00
Richie James,2023,28,KAN,14,10,114,0,WR,JameRi00
Brandon Johnson,2022,24,DEN,14,6,42,1,WR,JohnBr23
Velus Jones Jr.,2022,25,CHI,14,7,107,1,WR,JoneVe00
Zonovan Knight,2022,21,NYJ,14,13,100,0,RB,KnigZo00
Lucas Krull,2023,25,DEN,14,8,95,1,TE,KrulLu00
Jordan Mason,2024,25,SFO,14,11,91,0,RB,MasoJo00
Isaiah McKenzie,2023,28,IND,14,11,82,0,WR,McKeIs00
Andrew Ogletree,2024,26,IND,14,9,109,1,TE,OgleAn00
Isiah Pacheco,2022,23,KAN,14,13,130,0,RB,PachIs00
Cordarrelle Patterson,2024,33,PIT,14,12,80,1,RB,PattCo00
Teagan Quitoriano,2022,22,HOU,14,7,113,2,TE,QuitTe00
James Robinson,2022,24,JAXNYJ,14,11,51,2,RB,RobiJa00
Eric Saubert,2024,30,SFO,14,11,97,1,TE,SaubEr00
Brevyn Spann-Ford,2024,25,DAL,14,9,88,0,TE,SpanBr00
Jack Stoll,2022,24,PHI,14,11,123,0,TE,StolJa00
Avery Williams,2022,24,ATL,14,13,61,0,RB,WillAv02
Emanuel Wilson,2024,25,GNB,14,11,48,1,RB,WilsEm00
Brock Wright,2023,25,DET,14,13,91,1,TE,WrigBr01
Davis Allen,2024,23,LAR,13,6,39,0,TE,AlleDa02
Tyler Allgeier,2024,24,ATL,13,13,88,0,RB,AllgTy00
Dan Arnold,2022,27,JAX,13,9,135,0,TE,ArnoDa00
John Bates,2024,27,WAS,13,8,84,0,TE,BateJo00
Andrew Beck,2023,27,HOU,13,11,55,2,FB,BeckAn01
Ronnie Bell,2023,23,SFO,13,6,68,3,WR,BellRo01
Chris Brooks,2024,24,GNB,13,11,69,0,RB,BrooCh00
Jamison Crowder,2022,29,BUF,13,6,60,0,WR,CrowJa00
Jamison Crowder,2024,31,WAS,13,9,72,2,WR,CrowJa00
Keelan Doss,2023,27,LAC,13,6,33,0,WR,DossKe00
Gus Edwards,2023,28,BAL,13,12,180,0,RB,EdwaGu00
D'Wayne Eskridge,2022,25,SEA,13,7,58,0,WR,EskrDW00
Gerald Everett,2024,30,CHI,13,8,36,0,TE,EverGe00
Anthony Firkser,2022,27,ATL,13,9,100,0,FB,FirkAn00
Jody Fortson,2022,27,KAN,13,9,108,2,TE,FortJo01
Marquise Goodwin,2023,33,CLE,13,4,67,0,WR,GoodMa00
Malik Heath,2024,24,GNB,13,10,97,2,WR,HeatMa00
Taysom Hill,2022,32,NOR,13,9,77,2,TE/QB,HillTa00
Hayden Hurst,2024,31,LAC,13,8,73,0,TE,HursHa00
Sony Michel,2022,27,LAC,13,9,53,0,RB,MichSo00
Zack Moss,2022,25,BUFIND,13,11,39,0,RB,MossZa00
Jalen Nailor,2022,23,MIN,13,9,179,1,WR,NailJa00
Kyle Philips,2022,23,TEN,13,8,78,0,WR,PhilKy01
Jalen Reagor,2022,23,MIN,13,8,104,1,WR,ReagJa00
Patrick Ricard,2022,28,BAL,13,11,74,0,FB,RicaPa00
Eric Tomlinson,2022,30,DEN,13,9,79,2,TE,TomlEr01
Cam Akers,2023,24,MINLAR,12,11,70,0,RB,AkerCa00
Tank Bigsby,2024,23,JAX,12,7,54,0,RB,BigsTa00
Raheem Blackshear,2022,23,CAR,12,10,93,0,RB,BlacRa00
Pharaoh Brown,2024,30,SEA,12,8,65,0,TE,BrowPh01
Harrison Bryant,2024,26,LVR,12,9,86,0,TE,BryaHa00
Chris Conley,2024,32,SFO,12,6,76,0,WR,ConlCh00
River Cracraft,2023,29,MIA,12,9,121,1,WR,CracRi00
Isaiah Davis,2024,22,NYJ,12,9,75,1,RB,DaviIs00
Greg Dulcich,2024,24,DENNYG,12,5,28,0,TE,DulcGr00
Darrynton Evans,2023,25,CHIMIA,12,7,49,0,RB,EvanDa02
C.J. Ham,2022,29,MIN,12,10,86,0,FB,HamxC.00
Hassan Haskins,2022,23,TEN,12,11,57,0,RB,HaskHa00
Jamycal Hasty,2024,28,NWE,12,10,59,1,RB,HastJa02
Khalil Herbert,2022,24,CHI,12,9,57,1,RB,HerbKh00
Tyler Higbee,2024,31,LAR,12,8,66,2,TE,HigbTy00
Justice Hill,2022,25,BAL,12,12,58,0,RB,HillJu00
KhaDarel Hodge,2024,29,ATL,12,7,131,1,WR,HodgKh00
Alec Ingold,2024,28,MIA,12,11,96,0,FB,IngoAl01
D'Ernest Johnson,2023,27,JAX,12,10,140,0,RB,JohnDE04
Joshua Kelley,2023,26,LAC,12,8,32,0,RB,KellJo01
Jeremy McNichols,2024,29,WAS,12,9,27,0,RB,McNiJe00
Ty Montgomery,2023,30,NWE,12,5,40,0,RB,MontTy01
Donald Parham,2022,25,LAC,12,10,130,1,TE,ParhDo00
Cordarrelle Patterson,2023,32,ATL,12,9,38,1,RB,PattCo00
MyCole Pruitt,2023,31,ATL,12,9,110,1,TE,PruiMy00
Jalen Reagor,2024,25,LAC,12,7,100,0,WR,ReagJa00
Brian Robinson Jr.,2022,23,WAS,12,9,60,1,RB,RobiBr01
Ben Skowronek,2023,26,LAR,12,8,66,1,WR,SkowBe00
Sean Tucker,2024,23,TAM,12,9,109,1,RB,TuckSe00
C.J. Uzomah,2023,30,NYJ,12,8,58,1,TE,UzomC.00
Tylan Wallace,2024,25,BAL,12,11,193,1,WR,WallTy00
Mitchell Wilcox,2023,27,CIN,12,9,56,0,TE,WilcMi01
Kyren Williams,2022,22,LAR,12,9,76,0,RB,WillKy02
Charlie Woerner,2024,27,ATL,12,7,46,0,TE,WoerCh00
Israel Abanikanda,2023,21,NYJ,11,7,43,0,RB,AbanIs00
Davis Allen,2023,22,LAR,11,10,95,1,TE,AlleDa02
Andrew Beck,2022,26,DEN,11,5,69,0,TE,BeckAn01
Michael Carter,2024,25,ARI,11,11,57,0,RB,CartMi03
Nick Chubb,2024,29,CLE,11,5,31,1,RB,ChubNi00
Eric Gray,2024,25,NYG,11,10,82,0,RB,GrayEr01
Khalil Herbert,2024,26,CHICIN,11,10,25,0,RB,HerbKh00
Parker Hesse,2022,27,ATL,11,9,89,0,TE,HessPa00
Brycen Hopkins,2022,25,LAR,11,7,109,0,TE,HopkBr01
Rakim Jarrett,2024,23,TAM,11,9,124,0,WR,JarrRa00
Zay Jones,2024,29,ARI,11,8,84,0,WR,JoneZa00
Charlie Kolar,2024,25,BAL,11,9,131,1,TE,KolaCh00
Kendre Miller,2023,21,NOR,11,10,117,0,RB,MillKe01
James Mitchell,2022,23,DET,11,11,113,1,TE,MitcJa00
Keaton Mitchell,2023,21,BAL,11,9,93,0,RB,MitcKe01
Quintin Morris,2022,23,BUF,11,8,84,1,TE,MorrQu00
Justyn Ross,2023,24,KAN,11,6,53,0,WR,RossJu00
Jeff Smith,2022,25,NYJ,11,8,134,0,WR,SmitJe03
Carson Steele,2024,22,KAN,11,7,26,0,RB,SteeCa00
Geoff Swaim,2023,30,ARI,11,10,94,0,TE,SwaiGe00
Patrick Taylor,2024,26,SFO,11,3,25,0,RB,TaylPa01
Jamaal Williams,2024,29,NOR,11,9,57,0,RB,WillJa06
Andre Baccellia,2022,25,ARI,10,7,45,0,WR,BaccAn00
Michael Burton,2024,32,DEN,10,10,65,1,FB,BurtMi00
DJ Chark,2024,28,LAC,10,4,31,1,WR,CharDJ00
Reggie Gilliam,2022,25,BUF,10,8,69,1,FB,GillRe00
Xavier Gipson,2024,23,NYJ,10,6,39,1,WR,GipsXa00
T.Y. Hilton,2022,33,DAL,10,7,121,0,WR,HiltT.00
Trenton Irwin,2024,29,CIN,10,3,15,0,WR,IrwiTr00
Marvin Jones,2023,33,DET,10,5,35,0,WR,JoneMa02
Tony Jones,2023,26,ARINOR,10,7,37,0,RB,JoneTo04
Ko Kieft,2022,24,TAM,10,7,80,1,TE,KiefKo00
Marlon Mack,2022,26,DENSFO,10,8,99,1,RB,MackMa00
Luke Musgrave,2024,24,GNB,10,7,45,0,TE,MusgLu00
Brandon Powell,2024,29,MIN,10,7,71,0,WR,PoweBr00
MyCole Pruitt,2024,32,PIT,10,6,40,1,TE,PruiMy00
Craig Reynolds,2022,26,DET,10,9,116,0,RB,ReynCr00
Anthony Schwartz,2022,22,CLE,10,4,51,0,WR,SchwAn00
Laviska Shenault Jr.,2023,25,CAR,10,10,60,0,WR,ShenLa00
Ihmir Smith-Marsette,2023,24,CAR,10,8,51,0,WR,SmitIh00
Trent Taylor,2022,28,CIN,10,6,62,0,WR,TaylTr02
Deven Thompkins,2022,23,TAM,10,5,32,0,WR,ThomDe07
Mike Thomas,2022,28,CIN,10,2,38,0,WR,ThomMi04
Samori Toure,2022,24,GNB,10,5,82,1,WR,TourSa00
Laquon Treadwell,2022,27,SEA,10,6,42,0,WR,TreaLa00
Darnell Washington,2023,22,PIT,10,7,61,0,TE,WashDa03
Jonathan Williams,2022,28,WAS,10,7,40,0,RB,WillJo07
Michael Woods II,2022,22,CLE,10,5,45,0,WR,WoodMi00
Blake Bell,2023,32,KAN,9,5,26,1,TE,BellBl00
Brandon Bolden,2022,32,LVR,9,9,57,1,RB,BoldBr00
Mike Boone,2023,28,HOU,9,7,40,0,S,BoonMi00
Grant Calcaterra,2022,24,PHI,9,5,81,0,TE,CalcGr00
River Cracraft,2024,30,MIA,9,7,66,0,WR,CracRi00
DeeJay Dallas,2023,25,SEA,9,6,26,0,RB,DallDe00
Devin Duvernay,2023,26,BAL,9,4,18,0,WR,DuveDe00
D'Onta Foreman,2022,26,CAR,9,5,26,0,RB,ForeDO00
Tyler Goodson,2023,23,IND,9,6,34,0,RB,GoodTy00
C.J. Ham,2023,30,MIN,9,7,25,0,FB,HamxC.00
N'Keal Harry,2022,25,CHI,9,7,116,1,WR,HarrNK00
Julian Hill,2023,23,MIA,9,6,48,0,TE,HillJu02
Rakim Jarrett,2023,22,TAM,9,4,60,0,WR,JarrRa00
Charlie Jones,2023,25,CIN,9,7,64,0,WR,JoneCh11
Keith Kirkwood,2023,29,NOR,9,5,37,1,WR,KirkKe00
Charlie Kolar,2023,24,BAL,9,7,87,1,TE,KolaCh00
Hunter Long,2024,26,LAR,9,7,60,0,TE,LongHu00
Scott Miller,2024,27,PIT,9,5,69,0,WR,MillSc01
Bryce Oliver,2024,24,TEN,9,6,95,0,WR,OlivBr02
Giovanni Ricci,2022,26,CAR,9,8,100,0,TE,RiccGi00
Trent Sherfield,2024,28,MIN,9,8,83,1,WR,SherTr00
Ainias Smith,2024,23,PHI,9,7,41,1,WR,SmitAi00
Brenton Strange,2023,23,JAX,9,5,35,1,TE,StraBr00
Mike Strachan,2022,25,IND,9,3,59,0,WR,StraMi03
Ian Thomas,2023,27,CAR,9,5,56,0,TE,ThomIa00
Cole Turner,2022,22,WAS,9,2,23,0,TE,TurnCo00
Nick Vannett,2022,29,NORNYG,9,6,55,0,TE,VannNi00
Kimani Vidal,2024,23,LAC,9,5,62,1,RB,VidaKi00
Montrell Washington,2022,23,DEN,9,4,2,0,WR,WashMo00
Blake Whiteheart,2024,24,CLE,9,6,51,1,TE,WhitBl01
Jameson Williams,2022,21,DET,9,1,41,1,WR,WillJa11
Trayveon Williams,2023,26,CIN,9,7,10,0,RB,WillTr06
Gary Brightwell,2022,23,NYG,8,5,39,0,RB,BrigGa00
Jason Brownlee,2023,24,NYJ,8,5,56,1,WR,BrowJa07
Treylon Burks,2024,24,TEN,8,4,34,0,WR,BurkTr00
Parris Campbell,2024,27,PHI,8,6,30,1,WR,CampPa00
Blake Corum,2024,24,LAR,8,7,58,0,RB,CoruBl00
Britain Covey,2024,27,PHI,8,7,34,0,WR,CoveBr00
Josiah Deguara,2023,26,GNB,8,8,65,0,TE,DeguJo00
J.K. Dobbins,2022,24,BAL,8,7,42,1,RB,DobbJK00
Ashton Dulin,2024,27,IND,8,2,67,1,WR,DuliAs00
Trestan Ebner,2022,23,CHI,8,2,8,0,RB,EbneTr00
Tucker Fisk,2024,25,LAC,8,7,39,0,TE,FiskTu00
D'Onta Foreman,2024,28,CLE,8,6,54,0,RB,ForeDO00
Royce Freeman,2022,26,HOU,8,6,33,0,RB,FreeRo00
Ryan Griffin,2022,32,CHI,8,4,26,0,TE,GrifRy00
Troy Hairston,2022,24,HOU,8,5,19,0,TE,HairTr00
Connor Heyward,2024,25,PIT,8,6,40,1,TE,HeywCo00
Zander Horvath,2022,24,LAC,8,5,8,2,FB,HorvZa00
Tony Jones,2022,25,NORSEA,8,5,30,0,RB,JoneTo04
Phillip Lindsay,2022,28,IND,8,6,19,0,RB,LindPh00
Will Mallory,2024,25,IND,8,4,29,0,TE,MallWi00
Chris Manhertz,2022,30,JAX,8,6,42,0,TE,ManhCh00
Racey McMath,2022,23,TEN,8,2,40,0,WR,McMaRa00
Kendre Miller,2024,22,NOR,8,5,33,0,RB,MillKe01
Elijah Mitchell,2023,25,SFO,8,6,14,0,RB,MitcEl00
D.J. Montgomery,2023,27,IND,8,3,56,1,WR,MontDJ01
Quintin Morris,2024,25,BUF,8,5,36,1,TE,MorrQu00
Chris Myarick,2022,27,NYG,8,7,65,1,FB,MyarCh00
Jack Stoll,2023,25,PHI,8,5,38,0,TE,StolJa00
Pierre Strong,2023,25,CLE,8,5,47,0,RB,StroPi00
Tyquan Thornton,2024,24,NWE,8,4,47,0,WR,ThorTy00
Zamir White,2024,25,LVR,8,6,30,0,RB,WhitZa01
Jordan Wilkins,2022,28,IND,8,6,29,0,RB,WilkJo01
Darrel Williams,2022,27,ARI,8,4,9,0,RB,WillDa10
Kenny Yeboah,2024,26,NYJ,8,5,47,1,TE,YeboKe00
Stephen Anderson,2022,29,ARI,7,3,9,0,TE,AndeSt01
Cole Beasley,2022,33,BUFTAM,7,6,35,0,WR,BeasCo00
Raheem Blackshear,2023,24,CAR,7,6,45,0,RB,BlacRa00
Kayshon Boutte,2023,21,NWE,7,2,19,0,WR,BoutKa00
Gary Brightwell,2023,24,NYG,7,5,47,0,RB,BrigGa00
DeAndre Carter,2023,30,LVR,7,4,39,0,WR,CartDe02
Corey Clement,2022,28,ARI,7,5,54,0,RB,ClemCo00
Tyrie Cleveland,2022,25,DEN,7,2,28,0,WR,ClevTy00
Chris Conley,2022,30,HOUTEN,7,4,46,0,WR,ConlCh00
Malik Davis,2022,24,DAL,7,6,63,0,RB,DaviMa02
Tyler Davis,2022,25,GNB,7,4,26,0,TE,DaviTy02
Payne Durham,2023,23,TAM,7,5,58,0,TE,DurhPa00
Jimmy Graham,2023,37,NOR,7,6,39,4,TE,GrahJi00
Danny Gray,2022,23,SFO,7,1,10,0,WR,GrayDa02
Eric Gray,2023,24,NYG,7,6,22,0,RB,GrayEr01
Peyton Hendershot,2023,24,DAL,7,4,38,0,TE,HendPe01
Brycen Hopkins,2023,26,LAR,7,5,78,0,TE,HopkBr01
Ty Johnson,2023,26,BUF,7,7,62,1,RB,JohnTy02
Velus Jones Jr.,2023,26,CHI,7,4,20,0,WR,JoneVe00
Jake Kumerow,2022,30,BUF,7,4,64,0,WR,KumeJa00
Marcedes Lewis,2022,38,GNB,7,6,66,2,TE,LewiMa00
Sincere McCormick,2024,24,LVR,7,6,29,0,RB,McCoSi00
Dax Milne,2022,23,WAS,7,6,37,1,WR,MilnDa00
David Moore,2023,28,TAM,7,5,94,1,WR,MoorDa03
Dare Ogunbowale,2023,29,HOU,7,2,18,0,RB,OgunDa00
Gunner Olszewski,2022,26,PIT,7,5,53,0,WR,OlszGu00
Tip Reiman,2024,23,ARI,7,6,37,0,TE,ReimTi00
Patrick Ricard,2023,29,BAL,7,5,52,1,FB,RicaPa00
Allen Robinson,2024,31,DET,7,3,30,0,WR,RobiAl02
Pierre Strong,2022,24,NWE,7,7,42,0,RB,StroPi00
Jamari Thrash,2024,24,CLE,7,3,22,0,WR,ThraJa01
Austin Trammell,2023,25,LAR,7,4,29,0,WR,TramAu00
Deuce Vaughn,2023,22,DAL,7,7,40,0,RB,VaugDe00
Tylan Wallace,2022,23,BAL,7,4,33,0,WR,WallTy00
Robbie Chosen,2023,30,MIA,6,4,126,1,WR,AndeRo04
Ronnie Bell,2024,24,SFO,6,2,22,0,WR,BellRo01
Trey Benson,2024,21,ARI,6,6,59,0,RB,BensTr01
Khari Blasingame,2023,27,CHI,6,3,2,0,FB,BlasKh00
Jalen Brooks,2023,23,DAL,6,6,64,0,WR,BrooJa03
Malcolm Brown,2022,29,LAR,6,5,37,0,RB,BrowMa03
Ty Chandler,2024,26,MIN,6,6,42,0,RB,ChanTy01
Chris Conley,2023,31,SFO,6,3,69,0,WR,ConlCh00
Malachi Corley,2024,22,NYJ,6,3,16,0,WR,CorlMa00
Britain Covey,2023,26,PHI,6,4,42,0,WR,CoveBr00
Jacob Cowing,2024,23,SFO,6,4,80,0,WR,CowiJa00
Devin Culp,2024,24,TAM,6,5,88,0,TE,CulpDe00
Myles Gaskin,2022,25,MIA,6,4,28,0,RB,GaskMy00
C.J. Ham,2024,31,MIN,6,5,35,0,FB,HamxC.00
Dennis Houston,2022,23,DAL,6,2,16,0,WR,HousDe01
Deon Jackson,2023,24,CLEINDNYG,6,5,14,0,RB,JackDe02
Jakob Johnson,2022,28,LVR,6,5,10,0,FB,JohnJa12
Charlie Kolar,2022,23,BAL,6,4,49,0,TE,KolaCh00
Terrace Marshall Jr.,2024,24,LVR,6,3,41,0,WR,MarsTe00
Jalen Nailor,2023,24,MIN,6,3,29,0,WR,NailJa00
Dezmon Patmon,2022,24,IND,6,2,24,0,WR,PatmDe00
Nikko Remigio,2024,25,KAN,6,2,48,0,WR,RemiNi00
Ronnie Rivers,2024,25,LAR,6,5,34,0,RB,RiveRo01
Armani Rogers,2022,25,WAS,6,5,64,0,TE,RogeAr00
Boston Scott,2022,27,PHI,6,5,15,0,RB,ScotBo02
Boston Scott,2023,28,PHI,6,4,52,0,RB,ScotBo02
Trey Sermon,2023,24,IND,6,3,13,0,RB,SermTr00
Ben Sims,2023,23,GNB,6,4,21,1,TE,SimsBe00
Isaiah Spiller,2023,22,LAC,6,6,34,0,RB,SpilIs00
Equanimeous St. Brown,2023,27,CHI,6,5,62,0,WR,St.BEq00
Stephen Sullivan,2022,26,CAR,6,2,46,0,TE,SullSt00
Freddie Swain,2022,24,DENMIA,6,4,74,0,WR,SwaiFr00
Ian Thomas,2024,28,CAR,6,3,7,0,TE,ThomIa00
Jaylen Wright,2024,21,MIA,6,3,8,0,RB,WrigJa04
Nate Adkins,2023,24,DEN,5,4,22,0,TE,AdkiNa00
Lawrence Cager,2023,26,NYG,5,4,36,1,TE,CageLa01
Ross Dwelley,2022,27,SFO,5,3,105,1,TE,DwelRo00
Bryan Edwards,2022,24,ATL,5,3,15,0,WR,EdwaBr01
Clyde Edwards-Helaire,2024,25,NOR,5,3,24,0,RB,EdwaCl00
Gus Edwards,2024,29,LAC,5,3,6,0,RB,EdwaGu00
Audric Estime,2024,21,DEN,5,5,27,0,RB,EstiAu00
Cam Grandy,2024,24,CIN,5,5,28,0,TE,GranCa00
Peyton Hendershot,2024,25,KAN,5,5,51,0,TE,HendPe01
Cody Hollister,2022,29,TEN,5,3,54,0,WR,HollCo00
Keaontay Ingram,2022,23,ARI,5,4,21,0,RB,IngrKe01
Andy Isabella,2022,26,ARIBAL,5,2,21,0,WR,IsabAn00
Tim Jones,2024,26,JAX,5,3,41,0,WR,JoneTi00
Ko Kieft,2023,25,TAM,5,1,2,1,TE,KiefKo00
Tyler Kroft,2022,30,SFO,5,4,57,0,TE,KrofTy00
Marcedes Lewis,2023,39,CHI,5,4,29,1,TE,LewiMa00
Scott Matlock,2024,24,LAC,5,4,28,0,FB/DL,MatlSc00
Lance McCutcheon,2022,23,LAR,5,0,0,0,WR,McCuLa01
Rashaad Penny,2022,26,SEA,5,4,16,0,RB,PennRa00
La'Mical Perine,2023,25,KAN,5,3,33,0,RB,PeriLa00
James Proche,2023,27,CLE,5,0,0,0,WR,ProcJa00
Craig Reynolds,2023,27,DET,5,5,47,0,RB,ReynCr00
Craig Reynolds,2024,28,DET,5,3,40,0,RB,ReynCr00
Patrick Ricard,2024,30,BAL,5,3,22,1,FB,RicaPa00
Ronnie Rivers,2022,23,LAR,5,5,29,0,RB,RiveRo01
Ronnie Rivers,2023,24,LAR,5,5,22,0,RB,RiveRo01
Kyle Rudolph,2022,33,TAM,5,3,28,1,TE,RudoKy00
Laviska Shenault Jr.,2024,26,LACSEA,5,5,36,0,WR,ShenLa00
Ben Sims,2024,24,GNB,5,4,42,0,TE,SimsBe00
Ben Sinnott,2024,22,WAS,5,5,28,1,TE,SinnBe00
Ben Skowronek,2024,27,PIT,5,5,69,0,WR,SkowBe00
Stone Smartt,2022,24,LAC,5,4,17,0,TE,SmarSt00
Deuce Vaughn,2024,23,DAL,5,3,18,0,RB,VaugDe00
Ke'Shawn Vaughn,2023,26,TAM,5,2,2,0,RB,VaugKe00
Jalen Virgil,2022,24,DEN,5,2,75,1,WR,VirgJa00
Derek Watt,2022,30,PIT,5,5,11,1,FB,WattDe00
Kevin White,2022,30,NOR,5,2,74,0,WR,WhitKe00
Emanuel Wilson,2023,24,GNB,5,4,23,0,RB,WilsEm00
Robbie Chosen,2024,31,MIA,4,1,5,0,WR,AndeRo04
Devin Asiasi,2022,25,CIN,4,2,5,0,TE,AsiaDe00
Javon Baker,2024,22,NWE,4,1,12,0,WR,BakeJa00
Braxton Berrios,2024,29,MIA,4,0,0,0,WR,BerrBr00
Tank Bigsby,2023,22,JAX,4,1,6,0,RB,BigsTa00
Miles Boykin,2023,27,PIT,4,3,17,0,WR,BoykMi00
Spencer Brown,2022,24,CAR,4,2,10,0,RB,BrowSp01
Jason Cabinda,2022,26,DET,4,1,5,0,LB,CabiJa00
Grant Calcaterra,2023,25,PHI,4,4,39,0,TE,CalcGr00
Dan Chisena,2024,27,CAR,4,3,37,0,WR,ChisDa00
Nick Chubb,2023,28,CLE,4,4,21,0,RB,ChubNi00
Tanner Conner,2024,26,MIA,4,3,16,0,TE,ConnTa00
Elijah Cooks,2023,25,JAX,4,3,38,0,WR,CookEl00
Grant Dubose,2024,23,MIA,4,2,11,0,WR,DuboGr00
Greg Dulcich,2023,23,DEN,4,3,25,0,TE,DulcGr00
Chris Evans,2022,25,CIN,4,3,38,1,RB,EvanCh02
Luke Farrell,2022,25,JAX,4,4,40,0,TE,FarrLu00
Simi Fehoko,2022,25,DAL,4,3,24,0,WR,FehoSi00
Demetric Felton,2022,24,CLE,4,2,8,0,WR,FeltDe00
Jalen Guyton,2022,25,LAC,4,2,64,0,WR,GuytJa01
Penny Hart,2022,26,SEA,4,3,20,0,WR,HartPe01
Dallin Holker,2024,24,NOR,4,3,21,0,TE,HolkDa00
Jesper Horsted,2022,25,LVR,4,3,19,0,WR,HorsJe00
Lil'Jordan Humphrey,2022,24,NWE,4,2,20,0,WR,HumpLi01
Keaontay Ingram,2023,24,ARI,4,4,26,0,RB,IngrKe01
Trishton Jackson,2023,25,MIN,4,2,9,0,WR,JackTr02
Cade Johnson,2022,24,SEA,4,2,21,0,WR,JohnCa03
David Johnson,2022,31,NOR,4,4,47,0,RB,JohnDa08
Marcus Jones,2022,24,NWE,4,4,78,1,DB,JoneMa06
Tim Jones,2022,24,JAX,4,3,30,0,WR,JoneTi00
Keith Kirkwood,2022,28,NOR,4,2,18,0,WR,KirkKe00
Hunter Luepke,2023,23,DAL,4,3,18,0,RB,LuepHu00
Chris Manhertz,2023,31,DEN,4,2,16,0,TE,ManhCh00
Chris Manhertz,2024,32,NYG,4,3,30,1,TE,ManhCh00
Jordan Mason,2023,24,SFO,4,3,31,0,RB,MasoJo00
Kenny McIntosh,2024,24,SEA,4,3,22,0,RB,McInKe00
Elijah Mitchell,2022,24,SFO,4,3,7,0,RB,MitcEl00
Ty Montgomery,2022,29,NWE,4,3,15,1,WR,MontTy01
Dameon Pierce,2024,24,HOU,4,2,2,0,RB,PierDa01
Adam Prentice,2024,27,NOR,4,0,0,0,FB,PrenAd00
Richard Rodgers,2022,30,LAC,4,1,4,0,TE,RodgRi00
Will Shipley,2024,22,PHI,4,4,35,0,RB,ShipWi00
Ihmir Smith-Marsette,2022,23,CHIKAN,4,1,15,0,WR,SmitIh00
Malik Taylor,2023,28,NYJ,4,2,13,0,WR,TaylMa01
Deven Thompkins,2024,25,CAR,4,4,20,0,WR,ThomDe07
Eric Tomlinson,2024,32,LAC,4,2,9,0,TE,TomlEr01
Austin Trammell,2022,24,LAR,4,2,13,0,WR,TramAu00
Ke'Shawn Vaughn,2022,25,TAM,4,3,19,0,RB,VaugKe00
Trevon Wesco,2022,27,CHI,4,2,26,0,TE,WescTr00
Juwann Winfree,2022,26,GNB,4,1,17,0,WR,WinfJu00
Kenny Yeboah,2023,25,NYJ,4,2,28,0,TE,YeboKe00
Alex Armah,2023,29,WAS,3,3,13,0,RB,ArmaAl00
Alex Bachman,2024,28,LVR,3,3,31,0,WR,BachAl00
Tyler Badie,2024,24,DEN,3,3,-2,0,RB,BadiTy00
Nick Bawden,2023,27,NYJ,3,3,21,0,FB,BawdNi00
David Bell,2024,24,CLE,3,3,27,0,WR,BellDa02
Jaheim Bell,2024,23,NWE,3,2,20,0,TE,BellJa00
Mike Boone,2024,29,CAR,3,1,-2,0,RB,BoonMi00
Miles Boykin,2022,26,PIT,3,2,11,0,WR,BoykMi00
Jonathon Brooks,2024,21,CAR,3,3,23,0,RB,BrooJo02
Michael Burton,2022,30,KAN,3,2,11,0,RB,BurtMi00
Michael Burton,2023,31,DEN,3,3,8,0,FB,BurtMi00
Quintez Cephus,2022,24,DET,3,2,15,0,WR,CephQu00
Julius Chestnut,2022,22,TEN,3,3,41,0,RB,ChesJu00
Julius Chestnut,2024,24,TEN,3,2,11,0,RB,ChesJu00
Tevin Coleman,2022,29,SFO,3,3,44,1,RB,ColeTe01
Tanner Conner,2022,24,MIA,3,0,0,0,TE,ConnTa00
Jashaun Corbin,2023,23,NYG,3,3,12,0,RB,CorbJa01
DeeJay Dallas,2024,26,ARI,3,3,11,1,RB,DallDe00
Josiah Deguara,2024,27,JAX,3,3,14,0,TE,DeguJo00
J.K. Dobbins,2023,25,BAL,3,2,15,0,RB,DobbJK00
Phillip Dorsett,2023,30,DEN,3,0,0,0,WR,DorsPh00
Kenyan Drake,2023,29,GNBBAL,3,2,31,0,RB,DrakKe00
Ben Ellefson,2022,26,MIN,3,3,26,0,TE,ElleBe00
D'Wayne Eskridge,2024,27,MIA,3,3,44,0,WR,EskrDW00
Jody Fortson,2024,29,KAN,3,1,5,0,TE,FortJo01
Feleipe Franks,2024,27,CAR,3,1,12,0,TE,FranFe00
Melvin Gordon,2023,30,BAL,3,3,46,0,RB,GordMe00
Kevin Harris,2023,23,NWE,3,3,58,0,RB,HarrKe01
Hassan Haskins,2024,25,LAC,3,3,49,1,RB,HaskHa00
Travis Homer,2024,26,CHI,3,3,11,0,RB,HomeTr00
Jha'Quan Jackson,2024,24,TEN,3,1,8,0,WR,JackJh00
D'Ernest Johnson,2022,26,CLE,3,3,7,0,RB,JohnDE04
Tyler Johnson,2023,25,LAR,3,2,8,1,WR,JohnTy00
Brevin Jordan,2024,24,HOU,3,2,7,0,TE,JordBr00
Ramel Keyton,2024,24,LVR,3,1,7,0,WR,KeytRa00
Jacob Kibodi,2024,26,CLE,3,1,15,0,RB,KiboJa00
Sean McKeon,2022,25,DAL,3,2,11,0,TE,McKeSe01
Skyy Moore,2024,24,KAN,3,0,0,0,WR,MoorSk01
Quintin Morris,2023,24,BUF,3,2,26,1,TE,MorrQu00
Adam Prentice,2022,25,NOR,3,3,9,0,FB,PrenAd00
Adam Prentice,2023,26,NOR,3,2,12,0,FB,PrenAd00
James Proche,2024,28,CLE,3,3,21,0,WR,ProcJa00
Teagan Quitoriano,2023,23,HOU,3,2,33,0,TE,QuitTe00
Kevin Rader,2023,28,TEN,3,1,6,0,TE,RadeKe00
Braylon Sanders,2022,23,MIA,3,2,17,0,WR,SandBr00
Eric Saubert,2023,29,DALHOU,3,3,12,0,TE,SaubEr00
Steven Sims,2023,26,HOU,3,3,25,0,WR,SimsSt00
Keith Smith,2023,31,ATL,3,3,33,0,FB,SmitKe03
Willie Snead,2023,31,SFO,3,2,14,0,WR,SneaWi00
Isaiah Spiller,2022,21,LAC,3,3,13,0,RB,SpilIs00
Jack Stoll,2024,26,MIAPHI,3,2,10,0,TE,StolJa00
Mike Strachan,2023,26,CAR,3,1,45,0,WR,StraMi03
J.J. Taylor,2024,26,HOU,3,2,0,0,RB,TaylJJ01
Jalen Tolbert,2022,23,DAL,3,2,12,0,WR,TolbJa00
Austin Trammell,2024,26,JAX,3,2,40,0,WR,TramAu00
Laquon Treadwell,2023,28,BAL,3,1,16,0,WR,TreaLa00
Sione Vaki,2024,23,DET,3,3,37,0,RB,VakiSi00
Devontez Walker,2024,23,BAL,3,1,21,1,WR,WalkDe01
Jonathan Ward,2022,25,ARITEN,3,2,7,0,RB,WardJo00
Nsimba Webster,2022,26,CHI,3,2,14,0,WR,WebsNs00
Trevon Wesco,2023,28,TEN,3,1,21,0,TE,WescTr00
Cody White,2024,26,SEA,3,2,44,0,WR,WhitCo05
Kristian Wilkerson,2024,27,LVR,3,2,18,1,WR,WilkKr00
Isaiah Williams,2024,23,CINDET,3,2,6,0,WR,WillIs03
Maxx Williams,2022,28,ARI,3,3,18,0,TE,WillMa04
Trayveon Williams,2022,25,CIN,3,2,30,0,RB,WillTr06
Jeff Wilson,2024,29,MIA,3,3,19,0,RB,WilsJe01
Charlie Woerner,2023,26,SFO,3,3,32,0,TE,WoerCh00
Rasheen Ali,2024,23,BAL,2,0,0,0,RB,AlixRa00
Daylen Baldwin,2022,23,CLE,2,2,25,0,WR,BaldDa01
Andrew Beck,2024,28,GNBHOU,2,0,0,0,FB,BeckAn01
Blake Bell,2022,31,KAN,2,2,20,1,TE,BellBl00
Giovani Bernard,2022,31,TAM,2,2,-1,0,RB,BernGi00
Chris Blair,2024,27,ATL,2,1,17,0,WR,BlaiCh00
Kendall Blanton,2022,27,LAR,2,2,35,0,TE,BlanKe01
John Brown,2022,32,BUF,2,1,42,1,WR,BrowJo02
Damiere Byrd,2023,30,ATL,2,0,0,0,WR,ByrdDa00
Chris Collier,2024,24,LVRBAL,2,1,-4,0,RB,CollCh01
Pharoh Cooper,2022,27,ARI,2,2,6,0,WR,CoopPh00
Jaelon Darden,2022,23,CLETAM,2,2,26,0,WR,DardJa00
Mike Davis,2022,29,BAL,2,2,4,0,RB,DaviMi01
Tyrion Davis-Price,2022,22,SFO,2,0,0,0,RB,DaviTy03
Zach Davidson,2024,26,BUF,2,1,5,0,TE,DaviZa00
Elijah Dotson,2023,24,LAC,2,2,13,0,RB,DotsEl00
Colton Dowell,2023,24,TEN,2,1,3,0,WR,DoweCo00
Ross Dwelley,2023,28,SFO,2,1,12,0,TE,DwelRo00
Gus Edwards,2022,27,BAL,2,0,0,0,RB,EdwaGu00
Erik Ezukanma,2024,24,MIA,2,0,0,0,WR,EzukEr00
Simi Fehoko,2023,26,LAC,2,1,9,1,WR,FehoSi00
Feleipe Franks,2022,25,ATL,2,0,0,0,QB,FranFe00
Royce Freeman,2023,27,LAR,2,1,13,0,RB,FreeRo00
Antoine Green,2023,24,DET,2,1,2,0,WR,GreeAn00
Damien Harris,2023,26,BUF,2,2,16,0,RB,HarrDa06
Deonte Harty,2022,25,NOR,2,2,13,0,WR,HarrDe07
Jamycal Hasty,2023,27,JAXNWE,2,0,0,0,RB,HastJa02
Justin Herbert,2022,24,LAC,2,2,-10,0,QB,HerbJu00
Isaiah Hodgins,2024,26,NYG,2,2,12,0,WR,HodgIs00
Caleb Huntley,2022,24,ATL,2,2,3,0,RB,HuntCa02
E.J. Jenkins,2024,26,PHI,2,1,7,1,TE,JenkEJ00
Collin Johnson,2024,27,CHI,2,1,6,0,WR,JohnCo01
Jakob Johnson,2023,29,LVR,2,1,12,0,FB,JohnJa12
Mason Kinsey,2024,26,TEN,2,2,17,0,WR,KinsMa00
Marcedes Lewis,2024,40,CHI,2,1,2,0,TE,LewiMa00
David Martin-Robinson,2024,25,TEN,2,1,6,0,TE,MartDa01
Tay Martin,2024,27,TEN,2,1,49,1,WR,MartTa00
Anthony McFarland Jr.,2022,24,PIT,2,2,11,0,RB,McFaAn00
Anthony McFarland Jr.,2023,25,PIT,2,2,11,0,RB,McFaAn00
Sean McKeon,2023,26,DAL,2,0,0,0,TE,McKeSe01
Jordan Mims,2023,24,NOR,2,0,0,0,RB,MimsJo00
James Mitchell,2023,24,DET,2,2,28,0,TE,MitcJa00
Jason Moore,2022,27,LAC,2,1,5,0,WR,MoorJa02
Kene Nwangwu,2022,24,MIN,2,2,21,0,RB,NwanKe00
Amari Rodgers,2023,24,IND,2,0,0,0,WR,RodgAm00
Chris Rodriguez,2023,23,WAS,2,2,12,0,RB,RodrCh00
John Ross,2024,29,PHI,2,1,6,0,WR,RossJo00
Larry Rountree,2022,23,LAC,2,2,14,0,RB,RounLa00
Jeremy Ruckert,2022,22,NYJ,2,1,8,0,TE,RuckJe00
Drew Sample,2022,26,CIN,2,2,-2,0,TE,SampDr00
Mason Schreck,2022,29,HOU,2,2,6,0,TE,SchrMa00
Keith Smith,2022,30,ATL,2,1,8,0,WR,SmitKe03
Xavier Smith,2024,27,LAR,2,2,6,0,WR,SmitXa00
Benny Snell Jr.,2022,24,PIT,2,2,17,0,RB,SnelBe00
Trent Taylor,2023,29,CHI,2,0,0,0,WR,TaylTr02
Sean Tucker,2023,22,TAM,2,2,9,0,RB,TuckSe00
KaVontae Turpin,2022,26,DAL,2,1,9,0,WR,TurpKa00
Tylan Wallace,2023,24,BAL,2,1,11,0,WR,WallTy00
Casey Washington,2024,23,ATL,2,1,14,0,WR,WashCa01
Blake Watson,2024,25,DEN,2,1,13,0,RB,WatsBl00
Xavier Weaver,2024,24,ARI,2,0,0,0,WR,WeavXa00
David Wells,2023,28,TAM,2,2,-10,0,TE,WellDa00
Brayden Willis,2024,25,SFO,2,0,0,0,TE,WillBr06
Damien Williams,2023,31,ARI,2,2,12,0,RB,WillDa05
Rodney Williams,2023,25,PIT,2,0,0,0,TE,WillRo08
Charlie Woerner,2022,25,SFO,2,0,0,0,TE,WoerCh00
Dareke Young,2022,23,SEA,2,2,24,0,WR,YounDa02
Salvon Ahmed,2022,24,MIA,1,1,8,0,RB,AhmeSa01
Maurice Alexander,2022,25,DET,1,1,7,0,WR,AlexMa02
Josh Ali,2022,23,ATL,1,0,0,0,WR,AlixJo00
Tyler Badie,2022,22,DEN,1,1,24,1,RB,BadiTy00
David Bakhtiari,2022,31,GNB,1,0,0,0,LT,BakhDa00
Brenden Bates,2024,25,CLENYJ,1,0,0,0,TE,BateBr00
Khari Blasingame,2022,26,CHI,1,0,0,0,FB,BlasKh00
C.J. Board,2022,29,TEN,1,1,6,0,WR,BoarC.00
Tom Brady,2022,45,TAM,1,0,0,0,QB,BradTo00
Ben Bredeson,2023,25,NYG,1,1,0,0,G,BredBe00
Jake Browning,2023,27,CIN,1,1,-7,0,QB,BrowJa08
Mike Caliendo,2024,27,KAN,1,1,5,0,OL,CaliMi00
Jalen Camp,2022,24,HOU,1,1,7,0,WR,CampJa03
Irvin Charles,2023,26,NYJ,1,0,0,0,WR,CharIr00
Irvin Charles,2024,27,NYJ,1,0,0,0,WR,CharIr00
Jack Conklin,2022,28,CLE,1,0,0,0,RT,ConkJa00
Dalvin Cook,2024,29,DAL,1,1,10,0,RB,CookDa01
Keke Coutee,2022,25,IND,1,1,20,0,WR,CoutKe00
Baylor Cupp,2024,24,KAN,1,0,0,0,TE,CuppBa00
Frank Darby,2022,25,ATL,1,1,15,0,WR,DarbFr00
Jaelon Darden,2024,25,CLESEA,1,1,6,0,WR,DardJa00
Divine Deablo,2024,26,LVR,1,1,34,0,LLB,DeabDi00
Taylor Decker,2024,31,DET,1,0,0,0,LT,DeckTa00
Khalil Dorsey,2023,25,DET,1,1,31,0,CB,DorsKh00
Jeff Driskel,2022,29,HOU,1,1,4,0,QB,DrisJe00
Ross Dwelley,2024,29,ATL,1,1,5,0,TE,DwelRo00
Brandin Echols,2023,26,NYJ,1,1,18,0,CB,EchoBr00
D'Wayne Eskridge,2023,26,SEA,1,0,0,0,WR,EskrDW00
Chris Evans,2023,26,CIN,1,1,-1,0,RB,EvanCh02
Darrynton Evans,2022,24,CHI,1,1,33,0,RB,EvanDa02
Erik Ezukanma,2022,22,MIA,1,1,3,0,WR,EzukEr00
Erik Ezukanma,2023,23,MIA,1,0,0,0,WR,EzukEr00
Tucker Fisk,2023,24,ATL,1,1,9,0,TE,FiskTu00
John FitzPatrick,2023,23,ATL,1,1,12,0,TE,FitzJo00
John FitzPatrick,2024,24,GNB,1,1,2,0,TE,FitzJo00
Miller Forristall,2022,24,CLE,1,0,0,0,TE,ForrMi00
Cole Fotheringham,2023,26,LVR,1,1,6,0,TE,FothCo00
Sam Franklin,2024,28,CAR,1,0,0,0,S,FranSa00
Jake Funk,2023,25,IND,1,1,12,0,RB,FunkJa00
Myles Gaskin,2024,27,MIN,1,1,11,0,RB,GaskMy00
Tanner Gentry,2022,28,BUF,1,0,0,0,WR,GentTa00
Jake Gervase,2022,27,LAR,1,1,12,0,LB,GervJa00
Reggie Gilliam,2023,26,BUF,1,1,3,0,FB,GillRe00
Jared Goff,2022,28,DET,1,1,5,0,QB,GoffJa00
Jared Goff,2024,30,DET,1,1,7,1,QB,GoffJa00
C.J. Goodwin,2024,34,DAL,1,0,0,0,CB,GoodC.00
Josh Gordon,2022,31,TEN,1,0,0,0,WR,GordJo02
Anthony Gould,2024,23,IND,1,1,23,0,WR,GoulAn00
Kamu Grugier-Hill,2022,28,ARIHOU,1,1,4,0,LLB,GrugKa00
Jacob Harris,2022,25,LAR,1,1,6,0,WR,HarrJa03
Justin Herbert,2023,25,LAC,1,1,10,0,QB,HerbJu00
George Holani,2024,25,SEA,1,1,-1,0,RB,HolaGe00
Travis Homer,2023,25,CHI,1,0,0,0,RB,HomeTr00
Jesper Horsted,2023,26,LVR,1,1,4,0,TE,HorsJe00
Sam Howell,2023,23,WAS,1,1,4,0,QB,HoweSa00
Sam Hubbard,2024,29,CIN,1,1,2,1,LDE,HubbSa00
Evan Hull,2023,23,IND,1,1,6,0,RB,HullEv00
Godwin Igwebuike,2022,28,SEA,1,1,3,0,RB,IgweGo00
Shedrick Jackson,2023,24,CIN,1,0,0,0,WR,JackSh01
Jermar Jefferson,2024,24,DET,1,1,10,0,RB,JeffJe00
Terrell Jennings,2024,23,NWE,1,0,0,0,RB,JennTe00
Brandon Johnson,2024,26,PIT,1,1,9,0,WR,JohnBr23
Collin Johnson,2023,26,CHI,1,1,11,0,WR,JohnCo01
Kameron Johnson,2024,22,TAM,1,0,0,0,WR,JohnKa01
Tyron Johnson,2022,26,HOULVR,1,1,8,0,WR,JohnTy03
Charlie Jones,2024,26,CIN,1,1,5,0,WR,JoneCh11
Marcus Jones,2024,26,NWE,1,1,18,0,CB,JoneMa06
Ronald Jones II,2022,25,KAN,1,1,22,0,RB,JoneRo01
Velus Jones Jr.,2024,27,CARCHI,1,1,8,0,WR,JoneVe00
Tom Kennedy,2024,28,DET,1,0,0,0,WR,KennTo01
Mason Kinsey,2022,24,TEN,1,1,3,0,WR,KinsMa00
Mason Kinsey,2023,25,TEN,1,1,6,0,WR,KinsMa00
Zonovan Knight,2023,22,DET,1,1,8,0,RB,KnigZo00
Kwamie Lassiter II,2023,25,CIN,1,1,2,0,WR,LassKw00
JC Latham,2024,21,TEN,1,1,0,0,LT,LathJC00
MarShawn Lloyd,2024,23,GNB,1,1,3,0,RB,LloyMa00
Vederian Lowe,2024,25,NWE,1,1,4,1,LT,LoweVe00
Tyler Mabry,2022,26,SEA,1,1,7,1,TE,MabrTy00
Patrick Mahomes,2022,27,KAN,1,1,6,0,QB,MahoPa00
Patrick Mahomes,2024,29,KAN,1,1,2,0,QB,MahoPa00
Jordan Matthews,2024,32,CAR,1,0,0,0,TE,MattJo00
Anthony Miller,2024,30,BAL,1,1,16,0,WR,MillAn02
Keaton Mitchell,2024,22,BAL,1,1,28,0,RB,MitcKe01
Stanley Morgan Jr.,2022,26,CIN,1,0,0,0,WR,MorgSt02
Wanya Morris,2024,24,KAN,1,1,1,1,LT,MorrWa01
Nick Muse,2023,25,MIN,1,1,22,0,TE,MuseNi00
Bo Nix,2024,24,DEN,1,1,2,1,QB,NixxBo00
Albert Okwuegbunam,2023,25,PHI,1,0,0,0,TE,OkwuAl00
Gunner Olszewski,2023,27,NYGPIT,1,1,0,0,WR,OlszGu00
Devine Ozigbo,2022,26,DEN,1,1,3,0,RB,OzigDe01
Devine Ozigbo,2023,27,DET,1,1,8,0,RB,OzigDe01
Jaret Patterson,2022,23,WAS,1,0,0,0,RB,PattJa01
Rashaad Penny,2023,27,PHI,1,1,5,0,RB,PennRa00
James Pierre,2024,28,PIT,1,0,0,0,CB,PierJa01
Kendric Pryor,2024,26,CIN,1,1,9,0,WR,PryoKe00
Giovanni Ricci,2023,27,CAR,1,1,2,0,TE,RiccGi00
Anthony Richardson,2024,22,IND,1,1,-1,0,QB,RichAn03
Desmond Ridder,2023,24,ATL,1,1,-6,0,QB,RiddDe00
James Robinson,2023,25,GNB,1,1,-2,0,RB,RobiJa00
Chris Rodriguez,2024,24,WAS,1,1,12,0,RB,RodrCh00
Malcolm Rodriguez,2023,24,DET,1,1,6,0,LB,RodrMa00
Justyn Ross,2024,25,KAN,1,0,0,0,WR,RossJu00
Cody Schrader,2024,25,LAR,1,1,6,0,RB,SchrCo00
Trenton Scott,2024,30,WAS,1,1,1,1,T,ScotTr01
Tyler Scott,2024,23,CHI,1,1,5,0,WR,ScotTy00
Penei Sewell,2022,22,DET,1,1,9,0,RT,SewePe00
Tyrell Shavers,2024,25,BUF,1,1,69,1,WR,ShavTy00
John Samuel Shenker,2024,26,LVR,1,1,7,0,TE,ShenJo00
Jeffery Simmons,2023,26,TEN,1,1,2,1,DT,SimmJe01
Dan Skipper,2023,29,DET,1,1,4,0,T,SkipDa00
Dan Skipper,2024,30,DET,1,1,9,1,T,SkipDa00
Donovan Smith,2023,30,KAN,1,1,0,0,T,SmitDo02
Geno Smith,2023,33,SEA,1,1,-2,0,QB,SmitGe00
Tyler Smith,2024,23,DAL,1,1,0,0,LG,SmitTy02
C.J. Stroud,2023,22,HOU,1,1,0,0,QB,StroCJ00
C.J. Stroud,2024,23,HOU,1,0,0,0,QB,StroCJ00
Stephen Sullivan,2024,28,CAR,1,0,0,0,TE,SullSt00
Geoff Swaim,2024,31,CLE,1,1,7,0,TE,SwaiGe00
Tommy Sweeney,2022,27,BUF,1,1,7,0,TE,SweeTo00
Ryan Tannehill,2023,35,TEN,1,0,0,0,QB,TannRy00
J.J. Taylor,2022,24,NWE,1,1,8,0,RB,TaylJJ01
Patrick Taylor,2022,24,GNB,1,1,17,0,RB,TaylPa01
Trent Taylor,2024,30,SFO,1,1,11,0,WR,TaylTr02
Cody Thompson,2023,27,SEA,1,1,10,0,WR,ThomCo04
Juanyeh Thomas,2024,24,DAL,1,1,4,0,S,ThomJu03
Noah Togiai,2022,25,PHI,1,0,0,0,TE,TogiNo00
Kadarius Toney,2024,25,CLE,1,0,0,0,WR,ToneKa00
Jake Tonges,2022,23,CHI,1,0,0,0,TE,TongJa00
Brycen Tremayne,2024,25,WAS,1,1,-2,0,WR,TremBr00
DJ Turner,2022,25,LVR,1,0,0,0,WR,TurnDJ00
Nick Vannett,2023,30,LAC,1,1,3,0,TE,VannNi00
Ben VanSumeren,2024,24,PHI,1,1,0,0,LB,VanSBe00
Dwayne Washington,2022,28,NOR,1,1,7,0,RB,WashDw00
James Washington,2022,26,DAL,1,0,0,0,WR,WashJa00
Cody White,2022,24,PIT,1,1,2,0,WR,WhitCo05
Jared Wiley,2024,24,KAN,1,1,7,0,TE,WileJa00
Jonathan Williams,2023,29,WAS,1,0,0,0,RB,WillJo07
Ty'Son Williams,2022,26,ARI,1,1,5,0,RB,WillTy01
Russell Wilson,2022,34,DEN,1,1,1,0,QB,WilsRu00
Zach Wilson,2022,23,NYJ,1,1,2,1,QB,WilsZa00
Juwann Winfree,2023,27,IND,1,0,0,0,WR,WinfJu00
Dareke Young,2024,25,SEA,1,0,0,0,WR,YounDa02
Bailey Zappe,2022,23,NWE,1,1,-6,0,QB,ZappBa00
Shane Zylstra,2024,28,DET,1,1,22,0,TE,ZylsSh00